[
  {
    "name": "Application Start",
    "start": 1600220204460,
    "end": 1600220208022,
    "duration": 3562,
    "pid": 3860,
    "index": 0
  },
  {
    "name": "Load Plugin",
    "start": 1600220204468,
    "end": 1600220204493,
    "duration": 25,
    "pid": 3860,
    "index": 1
  },
  {
    "name": "Load Config",
    "start": 1600220204493,
    "end": 1600220204605,
    "duration": 112,
    "pid": 3860,
    "index": 2
  },
  {
    "name": "Require(0) config/config.default.js",
    "start": 1600220204494,
    "end": 1600220204494,
    "duration": 0,
    "pid": 3860,
    "index": 3
  },
  {
    "name": "Require(1) node_modules/egg-session/config/config.default.js",
    "start": 1600220204497,
    "end": 1600220204498,
    "duration": 1,
    "pid": 3860,
    "index": 4
  },
  {
    "name": "Require(2) node_modules/egg-security/config/config.default.js",
    "start": 1600220204498,
    "end": 1600220204499,
    "duration": 1,
    "pid": 3860,
    "index": 5
  },
  {
    "name": "Require(3) node_modules/egg-jsonp/config/config.default.js",
    "start": 1600220204500,
    "end": 1600220204500,
    "duration": 0,
    "pid": 3860,
    "index": 6
  },
  {
    "name": "Require(4) node_modules/egg-onerror/config/config.default.js",
    "start": 1600220204501,
    "end": 1600220204512,
    "duration": 11,
    "pid": 3860,
    "index": 7
  },
  {
    "name": "Require(5) node_modules/egg-i18n/config/config.default.js",
    "start": 1600220204512,
    "end": 1600220204512,
    "duration": 0,
    "pid": 3860,
    "index": 8
  },
  {
    "name": "Require(6) node_modules/egg-watcher/config/config.default.js",
    "start": 1600220204514,
    "end": 1600220204514,
    "duration": 0,
    "pid": 3860,
    "index": 9
  },
  {
    "name": "Require(7) node_modules/egg-schedule/config/config.default.js",
    "start": 1600220204515,
    "end": 1600220204515,
    "duration": 0,
    "pid": 3860,
    "index": 10
  },
  {
    "name": "Require(8) node_modules/egg-multipart/config/config.default.js",
    "start": 1600220204515,
    "end": 1600220204516,
    "duration": 1,
    "pid": 3860,
    "index": 11
  },
  {
    "name": "Require(9) node_modules/egg-development/config/config.default.js",
    "start": 1600220204517,
    "end": 1600220204517,
    "duration": 0,
    "pid": 3860,
    "index": 12
  },
  {
    "name": "Require(10) node_modules/egg-logrotator/config/config.default.js",
    "start": 1600220204518,
    "end": 1600220204518,
    "duration": 0,
    "pid": 3860,
    "index": 13
  },
  {
    "name": "Require(11) node_modules/egg-static/config/config.default.js",
    "start": 1600220204519,
    "end": 1600220204519,
    "duration": 0,
    "pid": 3860,
    "index": 14
  },
  {
    "name": "Require(12) node_modules/egg-view/config/config.default.js",
    "start": 1600220204520,
    "end": 1600220204520,
    "duration": 0,
    "pid": 3860,
    "index": 15
  },
  {
    "name": "Require(13) node_modules/egg-sequelize/config/config.default.js",
    "start": 1600220204523,
    "end": 1600220204523,
    "duration": 0,
    "pid": 3860,
    "index": 16
  },
  {
    "name": "Require(14) node_modules/egg-validate/config/config.default.js",
    "start": 1600220204524,
    "end": 1600220204524,
    "duration": 0,
    "pid": 3860,
    "index": 17
  },
  {
    "name": "Require(15) node_modules/egg-cors/config/config.default.js",
    "start": 1600220204524,
    "end": 1600220204525,
    "duration": 1,
    "pid": 3860,
    "index": 18
  },
  {
    "name": "Require(16) node_modules/egg-passport-local/config/config.default.js",
    "start": 1600220204526,
    "end": 1600220204526,
    "duration": 0,
    "pid": 3860,
    "index": 19
  },
  {
    "name": "Require(17) node_modules/egg-elasticsearch/config/config.default.js",
    "start": 1600220204526,
    "end": 1600220204527,
    "duration": 1,
    "pid": 3860,
    "index": 20
  },
  {
    "name": "Require(18) node_modules/egg-view-nunjucks/config/config.default.js",
    "start": 1600220204527,
    "end": 1600220204555,
    "duration": 28,
    "pid": 3860,
    "index": 21
  },
  {
    "name": "Require(19) node_modules/egg/config/config.default.js",
    "start": 1600220204555,
    "end": 1600220204556,
    "duration": 1,
    "pid": 3860,
    "index": 22
  },
  {
    "name": "Require(20) config/config.default.js",
    "start": 1600220204595,
    "end": 1600220204595,
    "duration": 0,
    "pid": 3860,
    "index": 23
  },
  {
    "name": "Require(21) node_modules/egg-security/config/config.local.js",
    "start": 1600220204596,
    "end": 1600220204597,
    "duration": 1,
    "pid": 3860,
    "index": 24
  },
  {
    "name": "Require(22) node_modules/egg-watcher/config/config.local.js",
    "start": 1600220204598,
    "end": 1600220204598,
    "duration": 0,
    "pid": 3860,
    "index": 25
  },
  {
    "name": "Require(23) node_modules/egg-view/config/config.local.js",
    "start": 1600220204601,
    "end": 1600220204601,
    "duration": 0,
    "pid": 3860,
    "index": 26
  },
  {
    "name": "Require(24) node_modules/egg-view-nunjucks/config/config.local.js",
    "start": 1600220204603,
    "end": 1600220204603,
    "duration": 0,
    "pid": 3860,
    "index": 27
  },
  {
    "name": "Require(25) node_modules/egg/config/config.local.js",
    "start": 1600220204604,
    "end": 1600220204605,
    "duration": 1,
    "pid": 3860,
    "index": 28
  },
  {
    "name": "Load extend/application.js",
    "start": 1600220204607,
    "end": 1600220204935,
    "duration": 328,
    "pid": 3860,
    "index": 29
  },
  {
    "name": "Require(26) node_modules/egg-session/app/extend/application.js",
    "start": 1600220204608,
    "end": 1600220204608,
    "duration": 0,
    "pid": 3860,
    "index": 30
  },
  {
    "name": "Require(27) node_modules/egg-security/app/extend/application.js",
    "start": 1600220204609,
    "end": 1600220204610,
    "duration": 1,
    "pid": 3860,
    "index": 31
  },
  {
    "name": "Require(28) node_modules/egg-jsonp/app/extend/application.js",
    "start": 1600220204610,
    "end": 1600220204612,
    "duration": 2,
    "pid": 3860,
    "index": 32
  },
  {
    "name": "Require(29) node_modules/egg-logrotator/app/extend/application.js",
    "start": 1600220204639,
    "end": 1600220204658,
    "duration": 19,
    "pid": 3860,
    "index": 33
  },
  {
    "name": "Require(30) node_modules/egg-view/app/extend/application.js",
    "start": 1600220204659,
    "end": 1600220204660,
    "duration": 1,
    "pid": 3860,
    "index": 34
  },
  {
    "name": "Require(31) node_modules/egg-view-nunjucks/app/extend/application.js",
    "start": 1600220204662,
    "end": 1600220204752,
    "duration": 90,
    "pid": 3860,
    "index": 35
  },
  {
    "name": "Require(32) app/extend/application.js",
    "start": 1600220204753,
    "end": 1600220204932,
    "duration": 179,
    "pid": 3860,
    "index": 36
  },
  {
    "name": "Load extend/request.js",
    "start": 1600220204935,
    "end": 1600220204945,
    "duration": 10,
    "pid": 3860,
    "index": 37
  },
  {
    "name": "Require(33) node_modules/egg/app/extend/request.js",
    "start": 1600220204938,
    "end": 1600220204940,
    "duration": 2,
    "pid": 3860,
    "index": 38
  },
  {
    "name": "Load extend/response.js",
    "start": 1600220204945,
    "end": 1600220204952,
    "duration": 7,
    "pid": 3860,
    "index": 39
  },
  {
    "name": "Require(34) node_modules/egg/app/extend/response.js",
    "start": 1600220204948,
    "end": 1600220204950,
    "duration": 2,
    "pid": 3860,
    "index": 40
  },
  {
    "name": "Load extend/context.js",
    "start": 1600220204952,
    "end": 1600220205054,
    "duration": 102,
    "pid": 3860,
    "index": 41
  },
  {
    "name": "Require(35) node_modules/egg-security/app/extend/context.js",
    "start": 1600220204953,
    "end": 1600220204977,
    "duration": 24,
    "pid": 3860,
    "index": 42
  },
  {
    "name": "Require(36) node_modules/egg-jsonp/app/extend/context.js",
    "start": 1600220204977,
    "end": 1600220204979,
    "duration": 2,
    "pid": 3860,
    "index": 43
  },
  {
    "name": "Require(37) node_modules/egg-i18n/app/extend/context.js",
    "start": 1600220204980,
    "end": 1600220204980,
    "duration": 0,
    "pid": 3860,
    "index": 44
  },
  {
    "name": "Require(38) node_modules/egg-multipart/app/extend/context.js",
    "start": 1600220204981,
    "end": 1600220205044,
    "duration": 63,
    "pid": 3860,
    "index": 45
  },
  {
    "name": "Require(39) node_modules/egg-view/app/extend/context.js",
    "start": 1600220205045,
    "end": 1600220205046,
    "duration": 1,
    "pid": 3860,
    "index": 46
  },
  {
    "name": "Require(40) node_modules/egg-validate/app/extend/context.js",
    "start": 1600220205047,
    "end": 1600220205047,
    "duration": 0,
    "pid": 3860,
    "index": 47
  },
  {
    "name": "Require(41) node_modules/egg-passport/app/extend/context.js",
    "start": 1600220205048,
    "end": 1600220205048,
    "duration": 0,
    "pid": 3860,
    "index": 48
  },
  {
    "name": "Require(42) node_modules/egg/app/extend/context.js",
    "start": 1600220205049,
    "end": 1600220205051,
    "duration": 2,
    "pid": 3860,
    "index": 49
  },
  {
    "name": "Load extend/helper.js",
    "start": 1600220205054,
    "end": 1600220205085,
    "duration": 31,
    "pid": 3860,
    "index": 50
  },
  {
    "name": "Require(43) node_modules/egg-security/app/extend/helper.js",
    "start": 1600220205055,
    "end": 1600220205078,
    "duration": 23,
    "pid": 3860,
    "index": 51
  },
  {
    "name": "Require(44) node_modules/egg/app/extend/helper.js",
    "start": 1600220205081,
    "end": 1600220205081,
    "duration": 0,
    "pid": 3860,
    "index": 52
  },
  {
    "name": "Require(45) app/extend/helper.js",
    "start": 1600220205081,
    "end": 1600220205082,
    "duration": 1,
    "pid": 3860,
    "index": 53
  },
  {
    "name": "Load app.js",
    "start": 1600220205085,
    "end": 1600220205641,
    "duration": 556,
    "pid": 3860,
    "index": 54
  },
  {
    "name": "Require(46) node_modules/egg-session/app.js",
    "start": 1600220205085,
    "end": 1600220205086,
    "duration": 1,
    "pid": 3860,
    "index": 55
  },
  {
    "name": "Require(47) node_modules/egg-security/app.js",
    "start": 1600220205086,
    "end": 1600220205088,
    "duration": 2,
    "pid": 3860,
    "index": 56
  },
  {
    "name": "Require(48) node_modules/egg-onerror/app.js",
    "start": 1600220205089,
    "end": 1600220205101,
    "duration": 12,
    "pid": 3860,
    "index": 57
  },
  {
    "name": "Require(49) node_modules/egg-i18n/app.js",
    "start": 1600220205102,
    "end": 1600220205118,
    "duration": 16,
    "pid": 3860,
    "index": 58
  },
  {
    "name": "Require(50) node_modules/egg-watcher/app.js",
    "start": 1600220205119,
    "end": 1600220205128,
    "duration": 9,
    "pid": 3860,
    "index": 59
  },
  {
    "name": "Require(51) node_modules/egg-schedule/app.js",
    "start": 1600220205129,
    "end": 1600220205130,
    "duration": 1,
    "pid": 3860,
    "index": 60
  },
  {
    "name": "Require(52) node_modules/egg-multipart/app.js",
    "start": 1600220205131,
    "end": 1600220205133,
    "duration": 2,
    "pid": 3860,
    "index": 61
  },
  {
    "name": "Require(53) node_modules/egg-development/app.js",
    "start": 1600220205134,
    "end": 1600220205134,
    "duration": 0,
    "pid": 3860,
    "index": 62
  },
  {
    "name": "Require(54) node_modules/egg-logrotator/app.js",
    "start": 1600220205135,
    "end": 1600220205135,
    "duration": 0,
    "pid": 3860,
    "index": 63
  },
  {
    "name": "Require(55) node_modules/egg-static/app.js",
    "start": 1600220205135,
    "end": 1600220205136,
    "duration": 1,
    "pid": 3860,
    "index": 64
  },
  {
    "name": "Require(56) node_modules/egg-sequelize/app.js",
    "start": 1600220205136,
    "end": 1600220205136,
    "duration": 0,
    "pid": 3860,
    "index": 65
  },
  {
    "name": "Require(57) node_modules/egg-validate/app.js",
    "start": 1600220205137,
    "end": 1600220205139,
    "duration": 2,
    "pid": 3860,
    "index": 66
  },
  {
    "name": "Require(58) node_modules/egg-cors/app.js",
    "start": 1600220205139,
    "end": 1600220205140,
    "duration": 1,
    "pid": 3860,
    "index": 67
  },
  {
    "name": "Require(59) node_modules/egg-passport/app.js",
    "start": 1600220205140,
    "end": 1600220205174,
    "duration": 34,
    "pid": 3860,
    "index": 68
  },
  {
    "name": "Require(60) node_modules/egg-passport-local/app.js",
    "start": 1600220205174,
    "end": 1600220205188,
    "duration": 14,
    "pid": 3860,
    "index": 69
  },
  {
    "name": "Require(61) node_modules/egg-elasticsearch/app.js",
    "start": 1600220205188,
    "end": 1600220205615,
    "duration": 427,
    "pid": 3860,
    "index": 70
  },
  {
    "name": "Require(62) node_modules/egg-view-nunjucks/app.js",
    "start": 1600220205615,
    "end": 1600220205616,
    "duration": 1,
    "pid": 3860,
    "index": 71
  },
  {
    "name": "Require(63) app.js",
    "start": 1600220205617,
    "end": 1600220205640,
    "duration": 23,
    "pid": 3860,
    "index": 72
  },
  {
    "name": "Before Start in node_modules/egg-watcher/lib/init.js:15:14",
    "start": 1600220205678,
    "end": 1600220207995,
    "duration": 2317,
    "pid": 3860,
    "index": 73
  },
  {
    "name": "Load \"Symbol(model)\" to Application",
    "start": 1600220206306,
    "end": 1600220206376,
    "duration": 70,
    "pid": 3860,
    "index": 74
  },
  {
    "name": "Before Start in node_modules/egg-sequelize/lib/loader.js:39:7",
    "start": 1600220206421,
    "end": 1600220208021,
    "duration": 1600,
    "pid": 3860,
    "index": 75
  },
  {
    "name": "Load Service",
    "start": 1600220206434,
    "end": 1600220206855,
    "duration": 421,
    "pid": 3860,
    "index": 76
  },
  {
    "name": "Load \"service\" to Context",
    "start": 1600220206435,
    "end": 1600220206855,
    "duration": 420,
    "pid": 3860,
    "index": 77
  },
  {
    "name": "Load Middleware",
    "start": 1600220206855,
    "end": 1600220206984,
    "duration": 129,
    "pid": 3860,
    "index": 78
  },
  {
    "name": "Load \"middlewares\" to Application",
    "start": 1600220206855,
    "end": 1600220206966,
    "duration": 111,
    "pid": 3860,
    "index": 79
  },
  {
    "name": "Load Controller",
    "start": 1600220206984,
    "end": 1600220207808,
    "duration": 824,
    "pid": 3860,
    "index": 80
  },
  {
    "name": "Load \"controller\" to Application",
    "start": 1600220206984,
    "end": 1600220207808,
    "duration": 824,
    "pid": 3860,
    "index": 81
  },
  {
    "name": "Load Router",
    "start": 1600220207808,
    "end": 1600220207844,
    "duration": 36,
    "pid": 3860,
    "index": 82
  },
  {
    "name": "Require(64) app/router.js",
    "start": 1600220207809,
    "end": 1600220207810,
    "duration": 1,
    "pid": 3860,
    "index": 83
  },
  {
    "name": "Before Start in node_modules/egg-core/lib/egg.js:287:10",
    "start": 1600220207832,
    "end": 1600220207876,
    "duration": 44,
    "pid": 3860,
    "index": 84
  }
]