[
  {
    "name": "Application Start",
    "start": 1600223922904,
    "end": 1600223924937,
    "duration": 2033,
    "pid": 18292,
    "index": 0
  },
  {
    "name": "Load Plugin",
    "start": 1600223922910,
    "end": 1600223922925,
    "duration": 15,
    "pid": 18292,
    "index": 1
  },
  {
    "name": "Load Config",
    "start": 1600223922925,
    "end": 1600223922949,
    "duration": 24,
    "pid": 18292,
    "index": 2
  },
  {
    "name": "Require(0) config/config.default.js",
    "start": 1600223922926,
    "end": 1600223922926,
    "duration": 0,
    "pid": 18292,
    "index": 3
  },
  {
    "name": "Require(1) node_modules/egg-session/config/config.default.js",
    "start": 1600223922929,
    "end": 1600223922929,
    "duration": 0,
    "pid": 18292,
    "index": 4
  },
  {
    "name": "Require(2) node_modules/egg-security/config/config.default.js",
    "start": 1600223922930,
    "end": 1600223922930,
    "duration": 0,
    "pid": 18292,
    "index": 5
  },
  {
    "name": "Require(3) node_modules/egg-jsonp/config/config.default.js",
    "start": 1600223922931,
    "end": 1600223922931,
    "duration": 0,
    "pid": 18292,
    "index": 6
  },
  {
    "name": "Require(4) node_modules/egg-onerror/config/config.default.js",
    "start": 1600223922931,
    "end": 1600223922931,
    "duration": 0,
    "pid": 18292,
    "index": 7
  },
  {
    "name": "Require(5) node_modules/egg-i18n/config/config.default.js",
    "start": 1600223922932,
    "end": 1600223922932,
    "duration": 0,
    "pid": 18292,
    "index": 8
  },
  {
    "name": "Require(6) node_modules/egg-watcher/config/config.default.js",
    "start": 1600223922932,
    "end": 1600223922932,
    "duration": 0,
    "pid": 18292,
    "index": 9
  },
  {
    "name": "Require(7) node_modules/egg-schedule/config/config.default.js",
    "start": 1600223922933,
    "end": 1600223922933,
    "duration": 0,
    "pid": 18292,
    "index": 10
  },
  {
    "name": "Require(8) node_modules/egg-multipart/config/config.default.js",
    "start": 1600223922933,
    "end": 1600223922934,
    "duration": 1,
    "pid": 18292,
    "index": 11
  },
  {
    "name": "Require(9) node_modules/egg-development/config/config.default.js",
    "start": 1600223922934,
    "end": 1600223922934,
    "duration": 0,
    "pid": 18292,
    "index": 12
  },
  {
    "name": "Require(10) node_modules/egg-logrotator/config/config.default.js",
    "start": 1600223922935,
    "end": 1600223922935,
    "duration": 0,
    "pid": 18292,
    "index": 13
  },
  {
    "name": "Require(11) node_modules/egg-static/config/config.default.js",
    "start": 1600223922935,
    "end": 1600223922935,
    "duration": 0,
    "pid": 18292,
    "index": 14
  },
  {
    "name": "Require(12) node_modules/egg-view/config/config.default.js",
    "start": 1600223922936,
    "end": 1600223922936,
    "duration": 0,
    "pid": 18292,
    "index": 15
  },
  {
    "name": "Require(13) node_modules/egg-sequelize/config/config.default.js",
    "start": 1600223922936,
    "end": 1600223922936,
    "duration": 0,
    "pid": 18292,
    "index": 16
  },
  {
    "name": "Require(14) node_modules/egg-validate/config/config.default.js",
    "start": 1600223922937,
    "end": 1600223922937,
    "duration": 0,
    "pid": 18292,
    "index": 17
  },
  {
    "name": "Require(15) node_modules/egg-cors/config/config.default.js",
    "start": 1600223922937,
    "end": 1600223922937,
    "duration": 0,
    "pid": 18292,
    "index": 18
  },
  {
    "name": "Require(16) node_modules/egg-passport-local/config/config.default.js",
    "start": 1600223922938,
    "end": 1600223922938,
    "duration": 0,
    "pid": 18292,
    "index": 19
  },
  {
    "name": "Require(17) node_modules/egg-elasticsearch/config/config.default.js",
    "start": 1600223922938,
    "end": 1600223922938,
    "duration": 0,
    "pid": 18292,
    "index": 20
  },
  {
    "name": "Require(18) node_modules/egg-view-nunjucks/config/config.default.js",
    "start": 1600223922939,
    "end": 1600223922939,
    "duration": 0,
    "pid": 18292,
    "index": 21
  },
  {
    "name": "Require(19) node_modules/egg/config/config.default.js",
    "start": 1600223922939,
    "end": 1600223922939,
    "duration": 0,
    "pid": 18292,
    "index": 22
  },
  {
    "name": "Require(20) config/config.default.js",
    "start": 1600223922941,
    "end": 1600223922941,
    "duration": 0,
    "pid": 18292,
    "index": 23
  },
  {
    "name": "Require(21) node_modules/egg-security/config/config.local.js",
    "start": 1600223922941,
    "end": 1600223922942,
    "duration": 1,
    "pid": 18292,
    "index": 24
  },
  {
    "name": "Require(22) node_modules/egg-watcher/config/config.local.js",
    "start": 1600223922942,
    "end": 1600223922943,
    "duration": 1,
    "pid": 18292,
    "index": 25
  },
  {
    "name": "Require(23) node_modules/egg-view/config/config.local.js",
    "start": 1600223922944,
    "end": 1600223922944,
    "duration": 0,
    "pid": 18292,
    "index": 26
  },
  {
    "name": "Require(24) node_modules/egg-view-nunjucks/config/config.local.js",
    "start": 1600223922945,
    "end": 1600223922946,
    "duration": 1,
    "pid": 18292,
    "index": 27
  },
  {
    "name": "Require(25) node_modules/egg/config/config.local.js",
    "start": 1600223922946,
    "end": 1600223922949,
    "duration": 3,
    "pid": 18292,
    "index": 28
  },
  {
    "name": "Load extend/application.js",
    "start": 1600223922950,
    "end": 1600223923122,
    "duration": 172,
    "pid": 18292,
    "index": 29
  },
  {
    "name": "Require(26) node_modules/egg-session/app/extend/application.js",
    "start": 1600223922950,
    "end": 1600223922951,
    "duration": 1,
    "pid": 18292,
    "index": 30
  },
  {
    "name": "Require(27) node_modules/egg-security/app/extend/application.js",
    "start": 1600223922951,
    "end": 1600223922952,
    "duration": 1,
    "pid": 18292,
    "index": 31
  },
  {
    "name": "Require(28) node_modules/egg-jsonp/app/extend/application.js",
    "start": 1600223922952,
    "end": 1600223922953,
    "duration": 1,
    "pid": 18292,
    "index": 32
  },
  {
    "name": "Require(29) node_modules/egg-logrotator/app/extend/application.js",
    "start": 1600223922954,
    "end": 1600223922961,
    "duration": 7,
    "pid": 18292,
    "index": 33
  },
  {
    "name": "Require(30) node_modules/egg-view/app/extend/application.js",
    "start": 1600223922961,
    "end": 1600223922962,
    "duration": 1,
    "pid": 18292,
    "index": 34
  },
  {
    "name": "Require(31) node_modules/egg-view-nunjucks/app/extend/application.js",
    "start": 1600223922963,
    "end": 1600223923007,
    "duration": 44,
    "pid": 18292,
    "index": 35
  },
  {
    "name": "Require(32) app/extend/application.js",
    "start": 1600223923007,
    "end": 1600223923121,
    "duration": 114,
    "pid": 18292,
    "index": 36
  },
  {
    "name": "Load extend/request.js",
    "start": 1600223923122,
    "end": 1600223923127,
    "duration": 5,
    "pid": 18292,
    "index": 37
  },
  {
    "name": "Require(33) node_modules/egg/app/extend/request.js",
    "start": 1600223923124,
    "end": 1600223923125,
    "duration": 1,
    "pid": 18292,
    "index": 38
  },
  {
    "name": "Load extend/response.js",
    "start": 1600223923127,
    "end": 1600223923131,
    "duration": 4,
    "pid": 18292,
    "index": 39
  },
  {
    "name": "Require(34) node_modules/egg/app/extend/response.js",
    "start": 1600223923129,
    "end": 1600223923130,
    "duration": 1,
    "pid": 18292,
    "index": 40
  },
  {
    "name": "Load extend/context.js",
    "start": 1600223923131,
    "end": 1600223923190,
    "duration": 59,
    "pid": 18292,
    "index": 41
  },
  {
    "name": "Require(35) node_modules/egg-security/app/extend/context.js",
    "start": 1600223923132,
    "end": 1600223923145,
    "duration": 13,
    "pid": 18292,
    "index": 42
  },
  {
    "name": "Require(36) node_modules/egg-jsonp/app/extend/context.js",
    "start": 1600223923146,
    "end": 1600223923147,
    "duration": 1,
    "pid": 18292,
    "index": 43
  },
  {
    "name": "Require(37) node_modules/egg-i18n/app/extend/context.js",
    "start": 1600223923147,
    "end": 1600223923147,
    "duration": 0,
    "pid": 18292,
    "index": 44
  },
  {
    "name": "Require(38) node_modules/egg-multipart/app/extend/context.js",
    "start": 1600223923148,
    "end": 1600223923184,
    "duration": 36,
    "pid": 18292,
    "index": 45
  },
  {
    "name": "Require(39) node_modules/egg-view/app/extend/context.js",
    "start": 1600223923185,
    "end": 1600223923185,
    "duration": 0,
    "pid": 18292,
    "index": 46
  },
  {
    "name": "Require(40) node_modules/egg-validate/app/extend/context.js",
    "start": 1600223923186,
    "end": 1600223923186,
    "duration": 0,
    "pid": 18292,
    "index": 47
  },
  {
    "name": "Require(41) node_modules/egg-passport/app/extend/context.js",
    "start": 1600223923187,
    "end": 1600223923187,
    "duration": 0,
    "pid": 18292,
    "index": 48
  },
  {
    "name": "Require(42) node_modules/egg/app/extend/context.js",
    "start": 1600223923187,
    "end": 1600223923188,
    "duration": 1,
    "pid": 18292,
    "index": 49
  },
  {
    "name": "Load extend/helper.js",
    "start": 1600223923190,
    "end": 1600223923207,
    "duration": 17,
    "pid": 18292,
    "index": 50
  },
  {
    "name": "Require(43) node_modules/egg-security/app/extend/helper.js",
    "start": 1600223923190,
    "end": 1600223923202,
    "duration": 12,
    "pid": 18292,
    "index": 51
  },
  {
    "name": "Require(44) node_modules/egg/app/extend/helper.js",
    "start": 1600223923203,
    "end": 1600223923204,
    "duration": 1,
    "pid": 18292,
    "index": 52
  },
  {
    "name": "Require(45) app/extend/helper.js",
    "start": 1600223923204,
    "end": 1600223923204,
    "duration": 0,
    "pid": 18292,
    "index": 53
  },
  {
    "name": "Load app.js",
    "start": 1600223923207,
    "end": 1600223923517,
    "duration": 310,
    "pid": 18292,
    "index": 54
  },
  {
    "name": "Require(46) node_modules/egg-session/app.js",
    "start": 1600223923207,
    "end": 1600223923207,
    "duration": 0,
    "pid": 18292,
    "index": 55
  },
  {
    "name": "Require(47) node_modules/egg-security/app.js",
    "start": 1600223923208,
    "end": 1600223923211,
    "duration": 3,
    "pid": 18292,
    "index": 56
  },
  {
    "name": "Require(48) node_modules/egg-onerror/app.js",
    "start": 1600223923211,
    "end": 1600223923218,
    "duration": 7,
    "pid": 18292,
    "index": 57
  },
  {
    "name": "Require(49) node_modules/egg-i18n/app.js",
    "start": 1600223923218,
    "end": 1600223923227,
    "duration": 9,
    "pid": 18292,
    "index": 58
  },
  {
    "name": "Require(50) node_modules/egg-watcher/app.js",
    "start": 1600223923227,
    "end": 1600223923231,
    "duration": 4,
    "pid": 18292,
    "index": 59
  },
  {
    "name": "Require(51) node_modules/egg-schedule/app.js",
    "start": 1600223923231,
    "end": 1600223923232,
    "duration": 1,
    "pid": 18292,
    "index": 60
  },
  {
    "name": "Require(52) node_modules/egg-multipart/app.js",
    "start": 1600223923232,
    "end": 1600223923233,
    "duration": 1,
    "pid": 18292,
    "index": 61
  },
  {
    "name": "Require(53) node_modules/egg-development/app.js",
    "start": 1600223923234,
    "end": 1600223923234,
    "duration": 0,
    "pid": 18292,
    "index": 62
  },
  {
    "name": "Require(54) node_modules/egg-logrotator/app.js",
    "start": 1600223923234,
    "end": 1600223923234,
    "duration": 0,
    "pid": 18292,
    "index": 63
  },
  {
    "name": "Require(55) node_modules/egg-static/app.js",
    "start": 1600223923234,
    "end": 1600223923235,
    "duration": 1,
    "pid": 18292,
    "index": 64
  },
  {
    "name": "Require(56) node_modules/egg-sequelize/app.js",
    "start": 1600223923235,
    "end": 1600223923235,
    "duration": 0,
    "pid": 18292,
    "index": 65
  },
  {
    "name": "Require(57) node_modules/egg-validate/app.js",
    "start": 1600223923235,
    "end": 1600223923237,
    "duration": 2,
    "pid": 18292,
    "index": 66
  },
  {
    "name": "Require(58) node_modules/egg-cors/app.js",
    "start": 1600223923237,
    "end": 1600223923237,
    "duration": 0,
    "pid": 18292,
    "index": 67
  },
  {
    "name": "Require(59) node_modules/egg-passport/app.js",
    "start": 1600223923237,
    "end": 1600223923251,
    "duration": 14,
    "pid": 18292,
    "index": 68
  },
  {
    "name": "Require(60) node_modules/egg-passport-local/app.js",
    "start": 1600223923251,
    "end": 1600223923259,
    "duration": 8,
    "pid": 18292,
    "index": 69
  },
  {
    "name": "Require(61) node_modules/egg-elasticsearch/app.js",
    "start": 1600223923259,
    "end": 1600223923499,
    "duration": 240,
    "pid": 18292,
    "index": 70
  },
  {
    "name": "Require(62) node_modules/egg-view-nunjucks/app.js",
    "start": 1600223923499,
    "end": 1600223923499,
    "duration": 0,
    "pid": 18292,
    "index": 71
  },
  {
    "name": "Require(63) app.js",
    "start": 1600223923500,
    "end": 1600223923517,
    "duration": 17,
    "pid": 18292,
    "index": 72
  },
  {
    "name": "Before Start in node_modules/egg-watcher/lib/init.js:15:14",
    "start": 1600223923540,
    "end": 1600223924900,
    "duration": 1360,
    "pid": 18292,
    "index": 73
  },
  {
    "name": "Load \"Symbol(model)\" to Application",
    "start": 1600223923869,
    "end": 1600223923913,
    "duration": 44,
    "pid": 18292,
    "index": 74
  },
  {
    "name": "Before Start in node_modules/egg-sequelize/lib/loader.js:39:7",
    "start": 1600223923941,
    "end": 1600223924937,
    "duration": 996,
    "pid": 18292,
    "index": 75
  },
  {
    "name": "Load Service",
    "start": 1600223923949,
    "end": 1600223924196,
    "duration": 247,
    "pid": 18292,
    "index": 76
  },
  {
    "name": "Load \"service\" to Context",
    "start": 1600223923949,
    "end": 1600223924196,
    "duration": 247,
    "pid": 18292,
    "index": 77
  },
  {
    "name": "Load Middleware",
    "start": 1600223924196,
    "end": 1600223924283,
    "duration": 87,
    "pid": 18292,
    "index": 78
  },
  {
    "name": "Load \"middlewares\" to Application",
    "start": 1600223924197,
    "end": 1600223924276,
    "duration": 79,
    "pid": 18292,
    "index": 79
  },
  {
    "name": "Load Controller",
    "start": 1600223924283,
    "end": 1600223924792,
    "duration": 509,
    "pid": 18292,
    "index": 80
  },
  {
    "name": "Load \"controller\" to Application",
    "start": 1600223924283,
    "end": 1600223924792,
    "duration": 509,
    "pid": 18292,
    "index": 81
  },
  {
    "name": "Load Router",
    "start": 1600223924792,
    "end": 1600223924809,
    "duration": 17,
    "pid": 18292,
    "index": 82
  },
  {
    "name": "Require(64) app/router.js",
    "start": 1600223924792,
    "end": 1600223924793,
    "duration": 1,
    "pid": 18292,
    "index": 83
  },
  {
    "name": "Before Start in node_modules/egg-core/lib/egg.js:287:10",
    "start": 1600223924794,
    "end": 1600223924834,
    "duration": 40,
    "pid": 18292,
    "index": 84
  }
]