[
  {
    "name": "Application Start",
    "start": 1600223296353,
    "end": 1600223301011,
    "duration": 4658,
    "pid": 26160,
    "index": 0
  },
  {
    "name": "Load Plugin",
    "start": 1600223296360,
    "end": 1600223296429,
    "duration": 69,
    "pid": 26160,
    "index": 1
  },
  {
    "name": "Load Config",
    "start": 1600223296429,
    "end": 1600223296471,
    "duration": 42,
    "pid": 26160,
    "index": 2
  },
  {
    "name": "Require(0) config/config.default.js",
    "start": 1600223296431,
    "end": 1600223296432,
    "duration": 1,
    "pid": 26160,
    "index": 3
  },
  {
    "name": "Require(1) node_modules/egg-session/config/config.default.js",
    "start": 1600223296437,
    "end": 1600223296437,
    "duration": 0,
    "pid": 26160,
    "index": 4
  },
  {
    "name": "Require(2) node_modules/egg-security/config/config.default.js",
    "start": 1600223296438,
    "end": 1600223296438,
    "duration": 0,
    "pid": 26160,
    "index": 5
  },
  {
    "name": "Require(3) node_modules/egg-jsonp/config/config.default.js",
    "start": 1600223296440,
    "end": 1600223296440,
    "duration": 0,
    "pid": 26160,
    "index": 6
  },
  {
    "name": "Require(4) node_modules/egg-onerror/config/config.default.js",
    "start": 1600223296440,
    "end": 1600223296441,
    "duration": 1,
    "pid": 26160,
    "index": 7
  },
  {
    "name": "Require(5) node_modules/egg-i18n/config/config.default.js",
    "start": 1600223296441,
    "end": 1600223296442,
    "duration": 1,
    "pid": 26160,
    "index": 8
  },
  {
    "name": "Require(6) node_modules/egg-watcher/config/config.default.js",
    "start": 1600223296443,
    "end": 1600223296443,
    "duration": 0,
    "pid": 26160,
    "index": 9
  },
  {
    "name": "Require(7) node_modules/egg-schedule/config/config.default.js",
    "start": 1600223296444,
    "end": 1600223296444,
    "duration": 0,
    "pid": 26160,
    "index": 10
  },
  {
    "name": "Require(8) node_modules/egg-multipart/config/config.default.js",
    "start": 1600223296445,
    "end": 1600223296445,
    "duration": 0,
    "pid": 26160,
    "index": 11
  },
  {
    "name": "Require(9) node_modules/egg-development/config/config.default.js",
    "start": 1600223296446,
    "end": 1600223296447,
    "duration": 1,
    "pid": 26160,
    "index": 12
  },
  {
    "name": "Require(10) node_modules/egg-logrotator/config/config.default.js",
    "start": 1600223296450,
    "end": 1600223296452,
    "duration": 2,
    "pid": 26160,
    "index": 13
  },
  {
    "name": "Require(11) node_modules/egg-static/config/config.default.js",
    "start": 1600223296453,
    "end": 1600223296453,
    "duration": 0,
    "pid": 26160,
    "index": 14
  },
  {
    "name": "Require(12) node_modules/egg-view/config/config.default.js",
    "start": 1600223296454,
    "end": 1600223296454,
    "duration": 0,
    "pid": 26160,
    "index": 15
  },
  {
    "name": "Require(13) node_modules/egg-sequelize/config/config.default.js",
    "start": 1600223296455,
    "end": 1600223296455,
    "duration": 0,
    "pid": 26160,
    "index": 16
  },
  {
    "name": "Require(14) node_modules/egg-validate/config/config.default.js",
    "start": 1600223296456,
    "end": 1600223296456,
    "duration": 0,
    "pid": 26160,
    "index": 17
  },
  {
    "name": "Require(15) node_modules/egg-cors/config/config.default.js",
    "start": 1600223296456,
    "end": 1600223296457,
    "duration": 1,
    "pid": 26160,
    "index": 18
  },
  {
    "name": "Require(16) node_modules/egg-passport-local/config/config.default.js",
    "start": 1600223296458,
    "end": 1600223296458,
    "duration": 0,
    "pid": 26160,
    "index": 19
  },
  {
    "name": "Require(17) node_modules/egg-elasticsearch/config/config.default.js",
    "start": 1600223296458,
    "end": 1600223296459,
    "duration": 1,
    "pid": 26160,
    "index": 20
  },
  {
    "name": "Require(18) node_modules/egg-view-nunjucks/config/config.default.js",
    "start": 1600223296459,
    "end": 1600223296460,
    "duration": 1,
    "pid": 26160,
    "index": 21
  },
  {
    "name": "Require(19) node_modules/egg/config/config.default.js",
    "start": 1600223296460,
    "end": 1600223296461,
    "duration": 1,
    "pid": 26160,
    "index": 22
  },
  {
    "name": "Require(20) config/config.default.js",
    "start": 1600223296464,
    "end": 1600223296465,
    "duration": 1,
    "pid": 26160,
    "index": 23
  },
  {
    "name": "Require(21) node_modules/egg-security/config/config.local.js",
    "start": 1600223296466,
    "end": 1600223296466,
    "duration": 0,
    "pid": 26160,
    "index": 24
  },
  {
    "name": "Require(22) node_modules/egg-watcher/config/config.local.js",
    "start": 1600223296467,
    "end": 1600223296468,
    "duration": 1,
    "pid": 26160,
    "index": 25
  },
  {
    "name": "Require(23) node_modules/egg-view/config/config.local.js",
    "start": 1600223296468,
    "end": 1600223296469,
    "duration": 1,
    "pid": 26160,
    "index": 26
  },
  {
    "name": "Require(24) node_modules/egg-view-nunjucks/config/config.local.js",
    "start": 1600223296470,
    "end": 1600223296470,
    "duration": 0,
    "pid": 26160,
    "index": 27
  },
  {
    "name": "Require(25) node_modules/egg/config/config.local.js",
    "start": 1600223296470,
    "end": 1600223296471,
    "duration": 1,
    "pid": 26160,
    "index": 28
  },
  {
    "name": "Load extend/application.js",
    "start": 1600223296473,
    "end": 1600223296925,
    "duration": 452,
    "pid": 26160,
    "index": 29
  },
  {
    "name": "Require(26) node_modules/egg-session/app/extend/application.js",
    "start": 1600223296474,
    "end": 1600223296474,
    "duration": 0,
    "pid": 26160,
    "index": 30
  },
  {
    "name": "Require(27) node_modules/egg-security/app/extend/application.js",
    "start": 1600223296476,
    "end": 1600223296477,
    "duration": 1,
    "pid": 26160,
    "index": 31
  },
  {
    "name": "Require(28) node_modules/egg-jsonp/app/extend/application.js",
    "start": 1600223296477,
    "end": 1600223296479,
    "duration": 2,
    "pid": 26160,
    "index": 32
  },
  {
    "name": "Require(29) node_modules/egg-logrotator/app/extend/application.js",
    "start": 1600223296481,
    "end": 1600223296492,
    "duration": 11,
    "pid": 26160,
    "index": 33
  },
  {
    "name": "Require(30) node_modules/egg-view/app/extend/application.js",
    "start": 1600223296492,
    "end": 1600223296496,
    "duration": 4,
    "pid": 26160,
    "index": 34
  },
  {
    "name": "Require(31) node_modules/egg-view-nunjucks/app/extend/application.js",
    "start": 1600223296497,
    "end": 1600223296642,
    "duration": 145,
    "pid": 26160,
    "index": 35
  },
  {
    "name": "Require(32) app/extend/application.js",
    "start": 1600223296642,
    "end": 1600223296922,
    "duration": 280,
    "pid": 26160,
    "index": 36
  },
  {
    "name": "Load extend/request.js",
    "start": 1600223296925,
    "end": 1600223296933,
    "duration": 8,
    "pid": 26160,
    "index": 37
  },
  {
    "name": "Require(33) node_modules/egg/app/extend/request.js",
    "start": 1600223296929,
    "end": 1600223296930,
    "duration": 1,
    "pid": 26160,
    "index": 38
  },
  {
    "name": "Load extend/response.js",
    "start": 1600223296933,
    "end": 1600223296939,
    "duration": 6,
    "pid": 26160,
    "index": 39
  },
  {
    "name": "Require(34) node_modules/egg/app/extend/response.js",
    "start": 1600223296935,
    "end": 1600223296937,
    "duration": 2,
    "pid": 26160,
    "index": 40
  },
  {
    "name": "Load extend/context.js",
    "start": 1600223296939,
    "end": 1600223297092,
    "duration": 153,
    "pid": 26160,
    "index": 41
  },
  {
    "name": "Require(35) node_modules/egg-security/app/extend/context.js",
    "start": 1600223296940,
    "end": 1600223296967,
    "duration": 27,
    "pid": 26160,
    "index": 42
  },
  {
    "name": "Require(36) node_modules/egg-jsonp/app/extend/context.js",
    "start": 1600223296967,
    "end": 1600223296970,
    "duration": 3,
    "pid": 26160,
    "index": 43
  },
  {
    "name": "Require(37) node_modules/egg-i18n/app/extend/context.js",
    "start": 1600223296971,
    "end": 1600223296971,
    "duration": 0,
    "pid": 26160,
    "index": 44
  },
  {
    "name": "Require(38) node_modules/egg-multipart/app/extend/context.js",
    "start": 1600223296972,
    "end": 1600223297081,
    "duration": 109,
    "pid": 26160,
    "index": 45
  },
  {
    "name": "Require(39) node_modules/egg-view/app/extend/context.js",
    "start": 1600223297082,
    "end": 1600223297083,
    "duration": 1,
    "pid": 26160,
    "index": 46
  },
  {
    "name": "Require(40) node_modules/egg-validate/app/extend/context.js",
    "start": 1600223297083,
    "end": 1600223297084,
    "duration": 1,
    "pid": 26160,
    "index": 47
  },
  {
    "name": "Require(41) node_modules/egg-passport/app/extend/context.js",
    "start": 1600223297085,
    "end": 1600223297086,
    "duration": 1,
    "pid": 26160,
    "index": 48
  },
  {
    "name": "Require(42) node_modules/egg/app/extend/context.js",
    "start": 1600223297087,
    "end": 1600223297088,
    "duration": 1,
    "pid": 26160,
    "index": 49
  },
  {
    "name": "Load extend/helper.js",
    "start": 1600223297092,
    "end": 1600223297143,
    "duration": 51,
    "pid": 26160,
    "index": 50
  },
  {
    "name": "Require(43) node_modules/egg-security/app/extend/helper.js",
    "start": 1600223297093,
    "end": 1600223297137,
    "duration": 44,
    "pid": 26160,
    "index": 51
  },
  {
    "name": "Require(44) node_modules/egg/app/extend/helper.js",
    "start": 1600223297139,
    "end": 1600223297140,
    "duration": 1,
    "pid": 26160,
    "index": 52
  },
  {
    "name": "Require(45) app/extend/helper.js",
    "start": 1600223297140,
    "end": 1600223297140,
    "duration": 0,
    "pid": 26160,
    "index": 53
  },
  {
    "name": "Load app.js",
    "start": 1600223297144,
    "end": 1600223297890,
    "duration": 746,
    "pid": 26160,
    "index": 54
  },
  {
    "name": "Require(46) node_modules/egg-session/app.js",
    "start": 1600223297144,
    "end": 1600223297145,
    "duration": 1,
    "pid": 26160,
    "index": 55
  },
  {
    "name": "Require(47) node_modules/egg-security/app.js",
    "start": 1600223297145,
    "end": 1600223297150,
    "duration": 5,
    "pid": 26160,
    "index": 56
  },
  {
    "name": "Require(48) node_modules/egg-onerror/app.js",
    "start": 1600223297150,
    "end": 1600223297170,
    "duration": 20,
    "pid": 26160,
    "index": 57
  },
  {
    "name": "Require(49) node_modules/egg-i18n/app.js",
    "start": 1600223297171,
    "end": 1600223297216,
    "duration": 45,
    "pid": 26160,
    "index": 58
  },
  {
    "name": "Require(50) node_modules/egg-watcher/app.js",
    "start": 1600223297216,
    "end": 1600223297226,
    "duration": 10,
    "pid": 26160,
    "index": 59
  },
  {
    "name": "Require(51) node_modules/egg-schedule/app.js",
    "start": 1600223297227,
    "end": 1600223297229,
    "duration": 2,
    "pid": 26160,
    "index": 60
  },
  {
    "name": "Require(52) node_modules/egg-multipart/app.js",
    "start": 1600223297229,
    "end": 1600223297232,
    "duration": 3,
    "pid": 26160,
    "index": 61
  },
  {
    "name": "Require(53) node_modules/egg-development/app.js",
    "start": 1600223297233,
    "end": 1600223297233,
    "duration": 0,
    "pid": 26160,
    "index": 62
  },
  {
    "name": "Require(54) node_modules/egg-logrotator/app.js",
    "start": 1600223297234,
    "end": 1600223297234,
    "duration": 0,
    "pid": 26160,
    "index": 63
  },
  {
    "name": "Require(55) node_modules/egg-static/app.js",
    "start": 1600223297235,
    "end": 1600223297235,
    "duration": 0,
    "pid": 26160,
    "index": 64
  },
  {
    "name": "Require(56) node_modules/egg-sequelize/app.js",
    "start": 1600223297236,
    "end": 1600223297237,
    "duration": 1,
    "pid": 26160,
    "index": 65
  },
  {
    "name": "Require(57) node_modules/egg-validate/app.js",
    "start": 1600223297237,
    "end": 1600223297240,
    "duration": 3,
    "pid": 26160,
    "index": 66
  },
  {
    "name": "Require(58) node_modules/egg-cors/app.js",
    "start": 1600223297240,
    "end": 1600223297242,
    "duration": 2,
    "pid": 26160,
    "index": 67
  },
  {
    "name": "Require(59) node_modules/egg-passport/app.js",
    "start": 1600223297243,
    "end": 1600223297306,
    "duration": 63,
    "pid": 26160,
    "index": 68
  },
  {
    "name": "Require(60) node_modules/egg-passport-local/app.js",
    "start": 1600223297306,
    "end": 1600223297321,
    "duration": 15,
    "pid": 26160,
    "index": 69
  },
  {
    "name": "Require(61) node_modules/egg-elasticsearch/app.js",
    "start": 1600223297321,
    "end": 1600223297818,
    "duration": 497,
    "pid": 26160,
    "index": 70
  },
  {
    "name": "Require(62) node_modules/egg-view-nunjucks/app.js",
    "start": 1600223297818,
    "end": 1600223297818,
    "duration": 0,
    "pid": 26160,
    "index": 71
  },
  {
    "name": "Require(63) app.js",
    "start": 1600223297819,
    "end": 1600223297889,
    "duration": 70,
    "pid": 26160,
    "index": 72
  },
  {
    "name": "Before Start in node_modules/egg-watcher/lib/init.js:15:14",
    "start": 1600223297935,
    "end": 1600223300981,
    "duration": 3046,
    "pid": 26160,
    "index": 73
  },
  {
    "name": "Load \"Symbol(model)\" to Application",
    "start": 1600223298558,
    "end": 1600223298646,
    "duration": 88,
    "pid": 26160,
    "index": 74
  },
  {
    "name": "Before Start in node_modules/egg-sequelize/lib/loader.js:39:7",
    "start": 1600223298701,
    "end": 1600223301010,
    "duration": 2309,
    "pid": 26160,
    "index": 75
  },
  {
    "name": "Load Service",
    "start": 1600223298715,
    "end": 1600223299202,
    "duration": 487,
    "pid": 26160,
    "index": 76
  },
  {
    "name": "Load \"service\" to Context",
    "start": 1600223298716,
    "end": 1600223299202,
    "duration": 486,
    "pid": 26160,
    "index": 77
  },
  {
    "name": "Load Middleware",
    "start": 1600223299202,
    "end": 1600223299347,
    "duration": 145,
    "pid": 26160,
    "index": 78
  },
  {
    "name": "Load \"middlewares\" to Application",
    "start": 1600223299203,
    "end": 1600223299331,
    "duration": 128,
    "pid": 26160,
    "index": 79
  },
  {
    "name": "Load Controller",
    "start": 1600223299347,
    "end": 1600223300858,
    "duration": 1511,
    "pid": 26160,
    "index": 80
  },
  {
    "name": "Load \"controller\" to Application",
    "start": 1600223299347,
    "end": 1600223300858,
    "duration": 1511,
    "pid": 26160,
    "index": 81
  },
  {
    "name": "Load Router",
    "start": 1600223300858,
    "end": 1600223300897,
    "duration": 39,
    "pid": 26160,
    "index": 82
  },
  {
    "name": "Require(64) app/router.js",
    "start": 1600223300859,
    "end": 1600223300860,
    "duration": 1,
    "pid": 26160,
    "index": 83
  },
  {
    "name": "Before Start in node_modules/egg-core/lib/egg.js:287:10",
    "start": 1600223300864,
    "end": 1600223300930,
    "duration": 66,
    "pid": 26160,
    "index": 84
  }
]