[
  {
    "name": "Application Start",
    "start": 1600220220608,
    "end": 1600220223543,
    "duration": 2935,
    "pid": 25184,
    "index": 0
  },
  {
    "name": "Load Plugin",
    "start": 1600220220617,
    "end": 1600220220642,
    "duration": 25,
    "pid": 25184,
    "index": 1
  },
  {
    "name": "Load Config",
    "start": 1600220220643,
    "end": 1600220220674,
    "duration": 31,
    "pid": 25184,
    "index": 2
  },
  {
    "name": "Require(0) config/config.default.js",
    "start": 1600220220644,
    "end": 1600220220644,
    "duration": 0,
    "pid": 25184,
    "index": 3
  },
  {
    "name": "Require(1) node_modules/egg-session/config/config.default.js",
    "start": 1600220220648,
    "end": 1600220220648,
    "duration": 0,
    "pid": 25184,
    "index": 4
  },
  {
    "name": "Require(2) node_modules/egg-security/config/config.default.js",
    "start": 1600220220649,
    "end": 1600220220649,
    "duration": 0,
    "pid": 25184,
    "index": 5
  },
  {
    "name": "Require(3) node_modules/egg-jsonp/config/config.default.js",
    "start": 1600220220651,
    "end": 1600220220651,
    "duration": 0,
    "pid": 25184,
    "index": 6
  },
  {
    "name": "Require(4) node_modules/egg-onerror/config/config.default.js",
    "start": 1600220220651,
    "end": 1600220220652,
    "duration": 1,
    "pid": 25184,
    "index": 7
  },
  {
    "name": "Require(5) node_modules/egg-i18n/config/config.default.js",
    "start": 1600220220652,
    "end": 1600220220653,
    "duration": 1,
    "pid": 25184,
    "index": 8
  },
  {
    "name": "Require(6) node_modules/egg-watcher/config/config.default.js",
    "start": 1600220220653,
    "end": 1600220220656,
    "duration": 3,
    "pid": 25184,
    "index": 9
  },
  {
    "name": "Require(7) node_modules/egg-schedule/config/config.default.js",
    "start": 1600220220656,
    "end": 1600220220657,
    "duration": 1,
    "pid": 25184,
    "index": 10
  },
  {
    "name": "Require(8) node_modules/egg-multipart/config/config.default.js",
    "start": 1600220220657,
    "end": 1600220220657,
    "duration": 0,
    "pid": 25184,
    "index": 11
  },
  {
    "name": "Require(9) node_modules/egg-development/config/config.default.js",
    "start": 1600220220658,
    "end": 1600220220659,
    "duration": 1,
    "pid": 25184,
    "index": 12
  },
  {
    "name": "Require(10) node_modules/egg-logrotator/config/config.default.js",
    "start": 1600220220659,
    "end": 1600220220660,
    "duration": 1,
    "pid": 25184,
    "index": 13
  },
  {
    "name": "Require(11) node_modules/egg-static/config/config.default.js",
    "start": 1600220220660,
    "end": 1600220220661,
    "duration": 1,
    "pid": 25184,
    "index": 14
  },
  {
    "name": "Require(12) node_modules/egg-view/config/config.default.js",
    "start": 1600220220661,
    "end": 1600220220661,
    "duration": 0,
    "pid": 25184,
    "index": 15
  },
  {
    "name": "Require(13) node_modules/egg-sequelize/config/config.default.js",
    "start": 1600220220662,
    "end": 1600220220663,
    "duration": 1,
    "pid": 25184,
    "index": 16
  },
  {
    "name": "Require(14) node_modules/egg-validate/config/config.default.js",
    "start": 1600220220663,
    "end": 1600220220664,
    "duration": 1,
    "pid": 25184,
    "index": 17
  },
  {
    "name": "Require(15) node_modules/egg-cors/config/config.default.js",
    "start": 1600220220664,
    "end": 1600220220664,
    "duration": 0,
    "pid": 25184,
    "index": 18
  },
  {
    "name": "Require(16) node_modules/egg-passport-local/config/config.default.js",
    "start": 1600220220665,
    "end": 1600220220665,
    "duration": 0,
    "pid": 25184,
    "index": 19
  },
  {
    "name": "Require(17) node_modules/egg-elasticsearch/config/config.default.js",
    "start": 1600220220665,
    "end": 1600220220666,
    "duration": 1,
    "pid": 25184,
    "index": 20
  },
  {
    "name": "Require(18) node_modules/egg-view-nunjucks/config/config.default.js",
    "start": 1600220220666,
    "end": 1600220220666,
    "duration": 0,
    "pid": 25184,
    "index": 21
  },
  {
    "name": "Require(19) node_modules/egg/config/config.default.js",
    "start": 1600220220667,
    "end": 1600220220667,
    "duration": 0,
    "pid": 25184,
    "index": 22
  },
  {
    "name": "Require(20) config/config.default.js",
    "start": 1600220220669,
    "end": 1600220220669,
    "duration": 0,
    "pid": 25184,
    "index": 23
  },
  {
    "name": "Require(21) node_modules/egg-security/config/config.local.js",
    "start": 1600220220669,
    "end": 1600220220670,
    "duration": 1,
    "pid": 25184,
    "index": 24
  },
  {
    "name": "Require(22) node_modules/egg-watcher/config/config.local.js",
    "start": 1600220220670,
    "end": 1600220220671,
    "duration": 1,
    "pid": 25184,
    "index": 25
  },
  {
    "name": "Require(23) node_modules/egg-view/config/config.local.js",
    "start": 1600220220672,
    "end": 1600220220672,
    "duration": 0,
    "pid": 25184,
    "index": 26
  },
  {
    "name": "Require(24) node_modules/egg-view-nunjucks/config/config.local.js",
    "start": 1600220220673,
    "end": 1600220220673,
    "duration": 0,
    "pid": 25184,
    "index": 27
  },
  {
    "name": "Require(25) node_modules/egg/config/config.local.js",
    "start": 1600220220673,
    "end": 1600220220673,
    "duration": 0,
    "pid": 25184,
    "index": 28
  },
  {
    "name": "Load extend/application.js",
    "start": 1600220220676,
    "end": 1600220220917,
    "duration": 241,
    "pid": 25184,
    "index": 29
  },
  {
    "name": "Require(26) node_modules/egg-session/app/extend/application.js",
    "start": 1600220220677,
    "end": 1600220220678,
    "duration": 1,
    "pid": 25184,
    "index": 30
  },
  {
    "name": "Require(27) node_modules/egg-security/app/extend/application.js",
    "start": 1600220220679,
    "end": 1600220220680,
    "duration": 1,
    "pid": 25184,
    "index": 31
  },
  {
    "name": "Require(28) node_modules/egg-jsonp/app/extend/application.js",
    "start": 1600220220681,
    "end": 1600220220683,
    "duration": 2,
    "pid": 25184,
    "index": 32
  },
  {
    "name": "Require(29) node_modules/egg-logrotator/app/extend/application.js",
    "start": 1600220220687,
    "end": 1600220220703,
    "duration": 16,
    "pid": 25184,
    "index": 33
  },
  {
    "name": "Require(30) node_modules/egg-view/app/extend/application.js",
    "start": 1600220220703,
    "end": 1600220220705,
    "duration": 2,
    "pid": 25184,
    "index": 34
  },
  {
    "name": "Require(31) node_modules/egg-view-nunjucks/app/extend/application.js",
    "start": 1600220220706,
    "end": 1600220220766,
    "duration": 60,
    "pid": 25184,
    "index": 35
  },
  {
    "name": "Require(32) app/extend/application.js",
    "start": 1600220220767,
    "end": 1600220220915,
    "duration": 148,
    "pid": 25184,
    "index": 36
  },
  {
    "name": "Load extend/request.js",
    "start": 1600220220917,
    "end": 1600220220921,
    "duration": 4,
    "pid": 25184,
    "index": 37
  },
  {
    "name": "Require(33) node_modules/egg/app/extend/request.js",
    "start": 1600220220919,
    "end": 1600220220919,
    "duration": 0,
    "pid": 25184,
    "index": 38
  },
  {
    "name": "Load extend/response.js",
    "start": 1600220220921,
    "end": 1600220220929,
    "duration": 8,
    "pid": 25184,
    "index": 39
  },
  {
    "name": "Require(34) node_modules/egg/app/extend/response.js",
    "start": 1600220220923,
    "end": 1600220220924,
    "duration": 1,
    "pid": 25184,
    "index": 40
  },
  {
    "name": "Load extend/context.js",
    "start": 1600220220929,
    "end": 1600220221004,
    "duration": 75,
    "pid": 25184,
    "index": 41
  },
  {
    "name": "Require(35) node_modules/egg-security/app/extend/context.js",
    "start": 1600220220929,
    "end": 1600220220940,
    "duration": 11,
    "pid": 25184,
    "index": 42
  },
  {
    "name": "Require(36) node_modules/egg-jsonp/app/extend/context.js",
    "start": 1600220220941,
    "end": 1600220220942,
    "duration": 1,
    "pid": 25184,
    "index": 43
  },
  {
    "name": "Require(37) node_modules/egg-i18n/app/extend/context.js",
    "start": 1600220220942,
    "end": 1600220220942,
    "duration": 0,
    "pid": 25184,
    "index": 44
  },
  {
    "name": "Require(38) node_modules/egg-multipart/app/extend/context.js",
    "start": 1600220220943,
    "end": 1600220220996,
    "duration": 53,
    "pid": 25184,
    "index": 45
  },
  {
    "name": "Require(39) node_modules/egg-view/app/extend/context.js",
    "start": 1600220220997,
    "end": 1600220220998,
    "duration": 1,
    "pid": 25184,
    "index": 46
  },
  {
    "name": "Require(40) node_modules/egg-validate/app/extend/context.js",
    "start": 1600220220999,
    "end": 1600220220999,
    "duration": 0,
    "pid": 25184,
    "index": 47
  },
  {
    "name": "Require(41) node_modules/egg-passport/app/extend/context.js",
    "start": 1600220220999,
    "end": 1600220220999,
    "duration": 0,
    "pid": 25184,
    "index": 48
  },
  {
    "name": "Require(42) node_modules/egg/app/extend/context.js",
    "start": 1600220221000,
    "end": 1600220221002,
    "duration": 2,
    "pid": 25184,
    "index": 49
  },
  {
    "name": "Load extend/helper.js",
    "start": 1600220221004,
    "end": 1600220221022,
    "duration": 18,
    "pid": 25184,
    "index": 50
  },
  {
    "name": "Require(43) node_modules/egg-security/app/extend/helper.js",
    "start": 1600220221004,
    "end": 1600220221019,
    "duration": 15,
    "pid": 25184,
    "index": 51
  },
  {
    "name": "Require(44) node_modules/egg/app/extend/helper.js",
    "start": 1600220221020,
    "end": 1600220221020,
    "duration": 0,
    "pid": 25184,
    "index": 52
  },
  {
    "name": "Require(45) app/extend/helper.js",
    "start": 1600220221021,
    "end": 1600220221021,
    "duration": 0,
    "pid": 25184,
    "index": 53
  },
  {
    "name": "Load app.js",
    "start": 1600220221022,
    "end": 1600220221408,
    "duration": 386,
    "pid": 25184,
    "index": 54
  },
  {
    "name": "Require(46) node_modules/egg-session/app.js",
    "start": 1600220221023,
    "end": 1600220221023,
    "duration": 0,
    "pid": 25184,
    "index": 55
  },
  {
    "name": "Require(47) node_modules/egg-security/app.js",
    "start": 1600220221023,
    "end": 1600220221024,
    "duration": 1,
    "pid": 25184,
    "index": 56
  },
  {
    "name": "Require(48) node_modules/egg-onerror/app.js",
    "start": 1600220221025,
    "end": 1600220221034,
    "duration": 9,
    "pid": 25184,
    "index": 57
  },
  {
    "name": "Require(49) node_modules/egg-i18n/app.js",
    "start": 1600220221035,
    "end": 1600220221045,
    "duration": 10,
    "pid": 25184,
    "index": 58
  },
  {
    "name": "Require(50) node_modules/egg-watcher/app.js",
    "start": 1600220221046,
    "end": 1600220221050,
    "duration": 4,
    "pid": 25184,
    "index": 59
  },
  {
    "name": "Require(51) node_modules/egg-schedule/app.js",
    "start": 1600220221050,
    "end": 1600220221051,
    "duration": 1,
    "pid": 25184,
    "index": 60
  },
  {
    "name": "Require(52) node_modules/egg-multipart/app.js",
    "start": 1600220221051,
    "end": 1600220221054,
    "duration": 3,
    "pid": 25184,
    "index": 61
  },
  {
    "name": "Require(53) node_modules/egg-development/app.js",
    "start": 1600220221055,
    "end": 1600220221055,
    "duration": 0,
    "pid": 25184,
    "index": 62
  },
  {
    "name": "Require(54) node_modules/egg-logrotator/app.js",
    "start": 1600220221055,
    "end": 1600220221055,
    "duration": 0,
    "pid": 25184,
    "index": 63
  },
  {
    "name": "Require(55) node_modules/egg-static/app.js",
    "start": 1600220221056,
    "end": 1600220221056,
    "duration": 0,
    "pid": 25184,
    "index": 64
  },
  {
    "name": "Require(56) node_modules/egg-sequelize/app.js",
    "start": 1600220221057,
    "end": 1600220221057,
    "duration": 0,
    "pid": 25184,
    "index": 65
  },
  {
    "name": "Require(57) node_modules/egg-validate/app.js",
    "start": 1600220221057,
    "end": 1600220221060,
    "duration": 3,
    "pid": 25184,
    "index": 66
  },
  {
    "name": "Require(58) node_modules/egg-cors/app.js",
    "start": 1600220221060,
    "end": 1600220221061,
    "duration": 1,
    "pid": 25184,
    "index": 67
  },
  {
    "name": "Require(59) node_modules/egg-passport/app.js",
    "start": 1600220221061,
    "end": 1600220221083,
    "duration": 22,
    "pid": 25184,
    "index": 68
  },
  {
    "name": "Require(60) node_modules/egg-passport-local/app.js",
    "start": 1600220221083,
    "end": 1600220221104,
    "duration": 21,
    "pid": 25184,
    "index": 69
  },
  {
    "name": "Require(61) node_modules/egg-elasticsearch/app.js",
    "start": 1600220221104,
    "end": 1600220221386,
    "duration": 282,
    "pid": 25184,
    "index": 70
  },
  {
    "name": "Require(62) node_modules/egg-view-nunjucks/app.js",
    "start": 1600220221386,
    "end": 1600220221387,
    "duration": 1,
    "pid": 25184,
    "index": 71
  },
  {
    "name": "Require(63) app.js",
    "start": 1600220221387,
    "end": 1600220221407,
    "duration": 20,
    "pid": 25184,
    "index": 72
  },
  {
    "name": "Before Start in node_modules/egg-watcher/lib/init.js:15:14",
    "start": 1600220221433,
    "end": 1600220223487,
    "duration": 2054,
    "pid": 25184,
    "index": 73
  },
  {
    "name": "Load \"Symbol(model)\" to Application",
    "start": 1600220222015,
    "end": 1600220222090,
    "duration": 75,
    "pid": 25184,
    "index": 74
  },
  {
    "name": "Before Start in node_modules/egg-sequelize/lib/loader.js:39:7",
    "start": 1600220222126,
    "end": 1600220223542,
    "duration": 1416,
    "pid": 25184,
    "index": 75
  },
  {
    "name": "Load Service",
    "start": 1600220222139,
    "end": 1600220222520,
    "duration": 381,
    "pid": 25184,
    "index": 76
  },
  {
    "name": "Load \"service\" to Context",
    "start": 1600220222139,
    "end": 1600220222520,
    "duration": 381,
    "pid": 25184,
    "index": 77
  },
  {
    "name": "Load Middleware",
    "start": 1600220222521,
    "end": 1600220222624,
    "duration": 103,
    "pid": 25184,
    "index": 78
  },
  {
    "name": "Load \"middlewares\" to Application",
    "start": 1600220222521,
    "end": 1600220222613,
    "duration": 92,
    "pid": 25184,
    "index": 79
  },
  {
    "name": "Load Controller",
    "start": 1600220222624,
    "end": 1600220223326,
    "duration": 702,
    "pid": 25184,
    "index": 80
  },
  {
    "name": "Load \"controller\" to Application",
    "start": 1600220222624,
    "end": 1600220223326,
    "duration": 702,
    "pid": 25184,
    "index": 81
  },
  {
    "name": "Load Router",
    "start": 1600220223326,
    "end": 1600220223361,
    "duration": 35,
    "pid": 25184,
    "index": 82
  },
  {
    "name": "Require(64) app/router.js",
    "start": 1600220223326,
    "end": 1600220223327,
    "duration": 1,
    "pid": 25184,
    "index": 83
  },
  {
    "name": "Before Start in node_modules/egg-core/lib/egg.js:287:10",
    "start": 1600220223329,
    "end": 1600220223404,
    "duration": 75,
    "pid": 25184,
    "index": 84
  }
]