[
  {
    "name": "Application Start",
    "start": 1600219257344,
    "end": 1600219259156,
    "duration": 1812,
    "pid": 15548,
    "index": 0
  },
  {
    "name": "Load Plugin",
    "start": 1600219257349,
    "end": 1600219257364,
    "duration": 15,
    "pid": 15548,
    "index": 1
  },
  {
    "name": "Load Config",
    "start": 1600219257365,
    "end": 1600219257383,
    "duration": 18,
    "pid": 15548,
    "index": 2
  },
  {
    "name": "Require(0) config/config.default.js",
    "start": 1600219257365,
    "end": 1600219257366,
    "duration": 1,
    "pid": 15548,
    "index": 3
  },
  {
    "name": "Require(1) node_modules/egg-session/config/config.default.js",
    "start": 1600219257367,
    "end": 1600219257367,
    "duration": 0,
    "pid": 15548,
    "index": 4
  },
  {
    "name": "Require(2) node_modules/egg-security/config/config.default.js",
    "start": 1600219257368,
    "end": 1600219257368,
    "duration": 0,
    "pid": 15548,
    "index": 5
  },
  {
    "name": "Require(3) node_modules/egg-jsonp/config/config.default.js",
    "start": 1600219257369,
    "end": 1600219257369,
    "duration": 0,
    "pid": 15548,
    "index": 6
  },
  {
    "name": "Require(4) node_modules/egg-onerror/config/config.default.js",
    "start": 1600219257369,
    "end": 1600219257370,
    "duration": 1,
    "pid": 15548,
    "index": 7
  },
  {
    "name": "Require(5) node_modules/egg-i18n/config/config.default.js",
    "start": 1600219257371,
    "end": 1600219257371,
    "duration": 0,
    "pid": 15548,
    "index": 8
  },
  {
    "name": "Require(6) node_modules/egg-watcher/config/config.default.js",
    "start": 1600219257371,
    "end": 1600219257372,
    "duration": 1,
    "pid": 15548,
    "index": 9
  },
  {
    "name": "Require(7) node_modules/egg-schedule/config/config.default.js",
    "start": 1600219257372,
    "end": 1600219257372,
    "duration": 0,
    "pid": 15548,
    "index": 10
  },
  {
    "name": "Require(8) node_modules/egg-multipart/config/config.default.js",
    "start": 1600219257373,
    "end": 1600219257373,
    "duration": 0,
    "pid": 15548,
    "index": 11
  },
  {
    "name": "Require(9) node_modules/egg-development/config/config.default.js",
    "start": 1600219257373,
    "end": 1600219257373,
    "duration": 0,
    "pid": 15548,
    "index": 12
  },
  {
    "name": "Require(10) node_modules/egg-logrotator/config/config.default.js",
    "start": 1600219257374,
    "end": 1600219257374,
    "duration": 0,
    "pid": 15548,
    "index": 13
  },
  {
    "name": "Require(11) node_modules/egg-static/config/config.default.js",
    "start": 1600219257374,
    "end": 1600219257374,
    "duration": 0,
    "pid": 15548,
    "index": 14
  },
  {
    "name": "Require(12) node_modules/egg-view/config/config.default.js",
    "start": 1600219257375,
    "end": 1600219257375,
    "duration": 0,
    "pid": 15548,
    "index": 15
  },
  {
    "name": "Require(13) node_modules/egg-sequelize/config/config.default.js",
    "start": 1600219257375,
    "end": 1600219257375,
    "duration": 0,
    "pid": 15548,
    "index": 16
  },
  {
    "name": "Require(14) node_modules/egg-validate/config/config.default.js",
    "start": 1600219257376,
    "end": 1600219257376,
    "duration": 0,
    "pid": 15548,
    "index": 17
  },
  {
    "name": "Require(15) node_modules/egg-cors/config/config.default.js",
    "start": 1600219257376,
    "end": 1600219257376,
    "duration": 0,
    "pid": 15548,
    "index": 18
  },
  {
    "name": "Require(16) node_modules/egg-passport-local/config/config.default.js",
    "start": 1600219257377,
    "end": 1600219257377,
    "duration": 0,
    "pid": 15548,
    "index": 19
  },
  {
    "name": "Require(17) node_modules/egg-elasticsearch/config/config.default.js",
    "start": 1600219257377,
    "end": 1600219257377,
    "duration": 0,
    "pid": 15548,
    "index": 20
  },
  {
    "name": "Require(18) node_modules/egg-view-nunjucks/config/config.default.js",
    "start": 1600219257377,
    "end": 1600219257378,
    "duration": 1,
    "pid": 15548,
    "index": 21
  },
  {
    "name": "Require(19) node_modules/egg/config/config.default.js",
    "start": 1600219257378,
    "end": 1600219257378,
    "duration": 0,
    "pid": 15548,
    "index": 22
  },
  {
    "name": "Require(20) config/config.default.js",
    "start": 1600219257379,
    "end": 1600219257379,
    "duration": 0,
    "pid": 15548,
    "index": 23
  },
  {
    "name": "Require(21) node_modules/egg-security/config/config.local.js",
    "start": 1600219257380,
    "end": 1600219257380,
    "duration": 0,
    "pid": 15548,
    "index": 24
  },
  {
    "name": "Require(22) node_modules/egg-watcher/config/config.local.js",
    "start": 1600219257381,
    "end": 1600219257381,
    "duration": 0,
    "pid": 15548,
    "index": 25
  },
  {
    "name": "Require(23) node_modules/egg-view/config/config.local.js",
    "start": 1600219257381,
    "end": 1600219257382,
    "duration": 1,
    "pid": 15548,
    "index": 26
  },
  {
    "name": "Require(24) node_modules/egg-view-nunjucks/config/config.local.js",
    "start": 1600219257382,
    "end": 1600219257382,
    "duration": 0,
    "pid": 15548,
    "index": 27
  },
  {
    "name": "Require(25) node_modules/egg/config/config.local.js",
    "start": 1600219257383,
    "end": 1600219257383,
    "duration": 0,
    "pid": 15548,
    "index": 28
  },
  {
    "name": "Load extend/application.js",
    "start": 1600219257384,
    "end": 1600219257551,
    "duration": 167,
    "pid": 15548,
    "index": 29
  },
  {
    "name": "Require(26) node_modules/egg-session/app/extend/application.js",
    "start": 1600219257385,
    "end": 1600219257385,
    "duration": 0,
    "pid": 15548,
    "index": 30
  },
  {
    "name": "Require(27) node_modules/egg-security/app/extend/application.js",
    "start": 1600219257385,
    "end": 1600219257386,
    "duration": 1,
    "pid": 15548,
    "index": 31
  },
  {
    "name": "Require(28) node_modules/egg-jsonp/app/extend/application.js",
    "start": 1600219257386,
    "end": 1600219257387,
    "duration": 1,
    "pid": 15548,
    "index": 32
  },
  {
    "name": "Require(29) node_modules/egg-logrotator/app/extend/application.js",
    "start": 1600219257388,
    "end": 1600219257399,
    "duration": 11,
    "pid": 15548,
    "index": 33
  },
  {
    "name": "Require(30) node_modules/egg-view/app/extend/application.js",
    "start": 1600219257399,
    "end": 1600219257401,
    "duration": 2,
    "pid": 15548,
    "index": 34
  },
  {
    "name": "Require(31) node_modules/egg-view-nunjucks/app/extend/application.js",
    "start": 1600219257402,
    "end": 1600219257443,
    "duration": 41,
    "pid": 15548,
    "index": 35
  },
  {
    "name": "Require(32) app/extend/application.js",
    "start": 1600219257444,
    "end": 1600219257547,
    "duration": 103,
    "pid": 15548,
    "index": 36
  },
  {
    "name": "Load extend/request.js",
    "start": 1600219257551,
    "end": 1600219257555,
    "duration": 4,
    "pid": 15548,
    "index": 37
  },
  {
    "name": "Require(33) node_modules/egg/app/extend/request.js",
    "start": 1600219257552,
    "end": 1600219257553,
    "duration": 1,
    "pid": 15548,
    "index": 38
  },
  {
    "name": "Load extend/response.js",
    "start": 1600219257555,
    "end": 1600219257558,
    "duration": 3,
    "pid": 15548,
    "index": 39
  },
  {
    "name": "Require(34) node_modules/egg/app/extend/response.js",
    "start": 1600219257556,
    "end": 1600219257557,
    "duration": 1,
    "pid": 15548,
    "index": 40
  },
  {
    "name": "Load extend/context.js",
    "start": 1600219257558,
    "end": 1600219257616,
    "duration": 58,
    "pid": 15548,
    "index": 41
  },
  {
    "name": "Require(35) node_modules/egg-security/app/extend/context.js",
    "start": 1600219257559,
    "end": 1600219257569,
    "duration": 10,
    "pid": 15548,
    "index": 42
  },
  {
    "name": "Require(36) node_modules/egg-jsonp/app/extend/context.js",
    "start": 1600219257570,
    "end": 1600219257571,
    "duration": 1,
    "pid": 15548,
    "index": 43
  },
  {
    "name": "Require(37) node_modules/egg-i18n/app/extend/context.js",
    "start": 1600219257571,
    "end": 1600219257571,
    "duration": 0,
    "pid": 15548,
    "index": 44
  },
  {
    "name": "Require(38) node_modules/egg-multipart/app/extend/context.js",
    "start": 1600219257571,
    "end": 1600219257607,
    "duration": 36,
    "pid": 15548,
    "index": 45
  },
  {
    "name": "Require(39) node_modules/egg-view/app/extend/context.js",
    "start": 1600219257607,
    "end": 1600219257609,
    "duration": 2,
    "pid": 15548,
    "index": 46
  },
  {
    "name": "Require(40) node_modules/egg-validate/app/extend/context.js",
    "start": 1600219257609,
    "end": 1600219257610,
    "duration": 1,
    "pid": 15548,
    "index": 47
  },
  {
    "name": "Require(41) node_modules/egg-passport/app/extend/context.js",
    "start": 1600219257610,
    "end": 1600219257610,
    "duration": 0,
    "pid": 15548,
    "index": 48
  },
  {
    "name": "Require(42) node_modules/egg/app/extend/context.js",
    "start": 1600219257611,
    "end": 1600219257613,
    "duration": 2,
    "pid": 15548,
    "index": 49
  },
  {
    "name": "Load extend/helper.js",
    "start": 1600219257616,
    "end": 1600219257637,
    "duration": 21,
    "pid": 15548,
    "index": 50
  },
  {
    "name": "Require(43) node_modules/egg-security/app/extend/helper.js",
    "start": 1600219257617,
    "end": 1600219257634,
    "duration": 17,
    "pid": 15548,
    "index": 51
  },
  {
    "name": "Require(44) node_modules/egg/app/extend/helper.js",
    "start": 1600219257635,
    "end": 1600219257636,
    "duration": 1,
    "pid": 15548,
    "index": 52
  },
  {
    "name": "Require(45) app/extend/helper.js",
    "start": 1600219257636,
    "end": 1600219257636,
    "duration": 0,
    "pid": 15548,
    "index": 53
  },
  {
    "name": "Load app.js",
    "start": 1600219257638,
    "end": 1600219257924,
    "duration": 286,
    "pid": 15548,
    "index": 54
  },
  {
    "name": "Require(46) node_modules/egg-session/app.js",
    "start": 1600219257638,
    "end": 1600219257638,
    "duration": 0,
    "pid": 15548,
    "index": 55
  },
  {
    "name": "Require(47) node_modules/egg-security/app.js",
    "start": 1600219257638,
    "end": 1600219257639,
    "duration": 1,
    "pid": 15548,
    "index": 56
  },
  {
    "name": "Require(48) node_modules/egg-onerror/app.js",
    "start": 1600219257641,
    "end": 1600219257647,
    "duration": 6,
    "pid": 15548,
    "index": 57
  },
  {
    "name": "Require(49) node_modules/egg-i18n/app.js",
    "start": 1600219257647,
    "end": 1600219257654,
    "duration": 7,
    "pid": 15548,
    "index": 58
  },
  {
    "name": "Require(50) node_modules/egg-watcher/app.js",
    "start": 1600219257654,
    "end": 1600219257658,
    "duration": 4,
    "pid": 15548,
    "index": 59
  },
  {
    "name": "Require(51) node_modules/egg-schedule/app.js",
    "start": 1600219257658,
    "end": 1600219257659,
    "duration": 1,
    "pid": 15548,
    "index": 60
  },
  {
    "name": "Require(52) node_modules/egg-multipart/app.js",
    "start": 1600219257659,
    "end": 1600219257662,
    "duration": 3,
    "pid": 15548,
    "index": 61
  },
  {
    "name": "Require(53) node_modules/egg-development/app.js",
    "start": 1600219257662,
    "end": 1600219257663,
    "duration": 1,
    "pid": 15548,
    "index": 62
  },
  {
    "name": "Require(54) node_modules/egg-logrotator/app.js",
    "start": 1600219257663,
    "end": 1600219257663,
    "duration": 0,
    "pid": 15548,
    "index": 63
  },
  {
    "name": "Require(55) node_modules/egg-static/app.js",
    "start": 1600219257663,
    "end": 1600219257663,
    "duration": 0,
    "pid": 15548,
    "index": 64
  },
  {
    "name": "Require(56) node_modules/egg-sequelize/app.js",
    "start": 1600219257664,
    "end": 1600219257664,
    "duration": 0,
    "pid": 15548,
    "index": 65
  },
  {
    "name": "Require(57) node_modules/egg-validate/app.js",
    "start": 1600219257664,
    "end": 1600219257665,
    "duration": 1,
    "pid": 15548,
    "index": 66
  },
  {
    "name": "Require(58) node_modules/egg-cors/app.js",
    "start": 1600219257665,
    "end": 1600219257666,
    "duration": 1,
    "pid": 15548,
    "index": 67
  },
  {
    "name": "Require(59) node_modules/egg-passport/app.js",
    "start": 1600219257666,
    "end": 1600219257681,
    "duration": 15,
    "pid": 15548,
    "index": 68
  },
  {
    "name": "Require(60) node_modules/egg-passport-local/app.js",
    "start": 1600219257682,
    "end": 1600219257688,
    "duration": 6,
    "pid": 15548,
    "index": 69
  },
  {
    "name": "Require(61) node_modules/egg-elasticsearch/app.js",
    "start": 1600219257688,
    "end": 1600219257907,
    "duration": 219,
    "pid": 15548,
    "index": 70
  },
  {
    "name": "Require(62) node_modules/egg-view-nunjucks/app.js",
    "start": 1600219257907,
    "end": 1600219257907,
    "duration": 0,
    "pid": 15548,
    "index": 71
  },
  {
    "name": "Require(63) app.js",
    "start": 1600219257907,
    "end": 1600219257924,
    "duration": 17,
    "pid": 15548,
    "index": 72
  },
  {
    "name": "Before Start in node_modules/egg-watcher/lib/init.js:15:14",
    "start": 1600219257948,
    "end": 1600219259127,
    "duration": 1179,
    "pid": 15548,
    "index": 73
  },
  {
    "name": "Load \"Symbol(model)\" to Application",
    "start": 1600219258257,
    "end": 1600219258296,
    "duration": 39,
    "pid": 15548,
    "index": 74
  },
  {
    "name": "Before Start in node_modules/egg-sequelize/lib/loader.js:39:7",
    "start": 1600219258315,
    "end": 1600219259156,
    "duration": 841,
    "pid": 15548,
    "index": 75
  },
  {
    "name": "Load Service",
    "start": 1600219258329,
    "end": 1600219258538,
    "duration": 209,
    "pid": 15548,
    "index": 76
  },
  {
    "name": "Load \"service\" to Context",
    "start": 1600219258329,
    "end": 1600219258538,
    "duration": 209,
    "pid": 15548,
    "index": 77
  },
  {
    "name": "Load Middleware",
    "start": 1600219258538,
    "end": 1600219258609,
    "duration": 71,
    "pid": 15548,
    "index": 78
  },
  {
    "name": "Load \"middlewares\" to Application",
    "start": 1600219258538,
    "end": 1600219258602,
    "duration": 64,
    "pid": 15548,
    "index": 79
  },
  {
    "name": "Load Controller",
    "start": 1600219258609,
    "end": 1600219259043,
    "duration": 434,
    "pid": 15548,
    "index": 80
  },
  {
    "name": "Load \"controller\" to Application",
    "start": 1600219258609,
    "end": 1600219259043,
    "duration": 434,
    "pid": 15548,
    "index": 81
  },
  {
    "name": "Load Router",
    "start": 1600219259043,
    "end": 1600219259057,
    "duration": 14,
    "pid": 15548,
    "index": 82
  },
  {
    "name": "Require(64) app/router.js",
    "start": 1600219259043,
    "end": 1600219259044,
    "duration": 1,
    "pid": 15548,
    "index": 83
  },
  {
    "name": "Before Start in node_modules/egg-core/lib/egg.js:287:10",
    "start": 1600219259046,
    "end": 1600219259079,
    "duration": 33,
    "pid": 15548,
    "index": 84
  }
]