[
  {
    "name": "Application Start",
    "start": 1600223544302,
    "end": 1600223547023,
    "duration": 2721,
    "pid": 4380,
    "index": 0
  },
  {
    "name": "Load Plugin",
    "start": 1600223544309,
    "end": 1600223544329,
    "duration": 20,
    "pid": 4380,
    "index": 1
  },
  {
    "name": "Load Config",
    "start": 1600223544329,
    "end": 1600223544358,
    "duration": 29,
    "pid": 4380,
    "index": 2
  },
  {
    "name": "Require(0) config/config.default.js",
    "start": 1600223544330,
    "end": 1600223544330,
    "duration": 0,
    "pid": 4380,
    "index": 3
  },
  {
    "name": "Require(1) node_modules/egg-session/config/config.default.js",
    "start": 1600223544332,
    "end": 1600223544332,
    "duration": 0,
    "pid": 4380,
    "index": 4
  },
  {
    "name": "Require(2) node_modules/egg-security/config/config.default.js",
    "start": 1600223544333,
    "end": 1600223544333,
    "duration": 0,
    "pid": 4380,
    "index": 5
  },
  {
    "name": "Require(3) node_modules/egg-jsonp/config/config.default.js",
    "start": 1600223544334,
    "end": 1600223544334,
    "duration": 0,
    "pid": 4380,
    "index": 6
  },
  {
    "name": "Require(4) node_modules/egg-onerror/config/config.default.js",
    "start": 1600223544334,
    "end": 1600223544335,
    "duration": 1,
    "pid": 4380,
    "index": 7
  },
  {
    "name": "Require(5) node_modules/egg-i18n/config/config.default.js",
    "start": 1600223544335,
    "end": 1600223544336,
    "duration": 1,
    "pid": 4380,
    "index": 8
  },
  {
    "name": "Require(6) node_modules/egg-watcher/config/config.default.js",
    "start": 1600223544337,
    "end": 1600223544337,
    "duration": 0,
    "pid": 4380,
    "index": 9
  },
  {
    "name": "Require(7) node_modules/egg-schedule/config/config.default.js",
    "start": 1600223544337,
    "end": 1600223544338,
    "duration": 1,
    "pid": 4380,
    "index": 10
  },
  {
    "name": "Require(8) node_modules/egg-multipart/config/config.default.js",
    "start": 1600223544338,
    "end": 1600223544338,
    "duration": 0,
    "pid": 4380,
    "index": 11
  },
  {
    "name": "Require(9) node_modules/egg-development/config/config.default.js",
    "start": 1600223544339,
    "end": 1600223544339,
    "duration": 0,
    "pid": 4380,
    "index": 12
  },
  {
    "name": "Require(10) node_modules/egg-logrotator/config/config.default.js",
    "start": 1600223544340,
    "end": 1600223544340,
    "duration": 0,
    "pid": 4380,
    "index": 13
  },
  {
    "name": "Require(11) node_modules/egg-static/config/config.default.js",
    "start": 1600223544340,
    "end": 1600223544342,
    "duration": 2,
    "pid": 4380,
    "index": 14
  },
  {
    "name": "Require(12) node_modules/egg-view/config/config.default.js",
    "start": 1600223544342,
    "end": 1600223544343,
    "duration": 1,
    "pid": 4380,
    "index": 15
  },
  {
    "name": "Require(13) node_modules/egg-sequelize/config/config.default.js",
    "start": 1600223544343,
    "end": 1600223544344,
    "duration": 1,
    "pid": 4380,
    "index": 16
  },
  {
    "name": "Require(14) node_modules/egg-validate/config/config.default.js",
    "start": 1600223544344,
    "end": 1600223544344,
    "duration": 0,
    "pid": 4380,
    "index": 17
  },
  {
    "name": "Require(15) node_modules/egg-cors/config/config.default.js",
    "start": 1600223544345,
    "end": 1600223544345,
    "duration": 0,
    "pid": 4380,
    "index": 18
  },
  {
    "name": "Require(16) node_modules/egg-passport-local/config/config.default.js",
    "start": 1600223544345,
    "end": 1600223544346,
    "duration": 1,
    "pid": 4380,
    "index": 19
  },
  {
    "name": "Require(17) node_modules/egg-elasticsearch/config/config.default.js",
    "start": 1600223544346,
    "end": 1600223544346,
    "duration": 0,
    "pid": 4380,
    "index": 20
  },
  {
    "name": "Require(18) node_modules/egg-view-nunjucks/config/config.default.js",
    "start": 1600223544347,
    "end": 1600223544347,
    "duration": 0,
    "pid": 4380,
    "index": 21
  },
  {
    "name": "Require(19) node_modules/egg/config/config.default.js",
    "start": 1600223544347,
    "end": 1600223544348,
    "duration": 1,
    "pid": 4380,
    "index": 22
  },
  {
    "name": "Require(20) config/config.default.js",
    "start": 1600223544351,
    "end": 1600223544351,
    "duration": 0,
    "pid": 4380,
    "index": 23
  },
  {
    "name": "Require(21) node_modules/egg-security/config/config.local.js",
    "start": 1600223544352,
    "end": 1600223544352,
    "duration": 0,
    "pid": 4380,
    "index": 24
  },
  {
    "name": "Require(22) node_modules/egg-watcher/config/config.local.js",
    "start": 1600223544353,
    "end": 1600223544353,
    "duration": 0,
    "pid": 4380,
    "index": 25
  },
  {
    "name": "Require(23) node_modules/egg-view/config/config.local.js",
    "start": 1600223544355,
    "end": 1600223544355,
    "duration": 0,
    "pid": 4380,
    "index": 26
  },
  {
    "name": "Require(24) node_modules/egg-view-nunjucks/config/config.local.js",
    "start": 1600223544356,
    "end": 1600223544357,
    "duration": 1,
    "pid": 4380,
    "index": 27
  },
  {
    "name": "Require(25) node_modules/egg/config/config.local.js",
    "start": 1600223544357,
    "end": 1600223544357,
    "duration": 0,
    "pid": 4380,
    "index": 28
  },
  {
    "name": "Load extend/application.js",
    "start": 1600223544360,
    "end": 1600223544572,
    "duration": 212,
    "pid": 4380,
    "index": 29
  },
  {
    "name": "Require(26) node_modules/egg-session/app/extend/application.js",
    "start": 1600223544361,
    "end": 1600223544361,
    "duration": 0,
    "pid": 4380,
    "index": 30
  },
  {
    "name": "Require(27) node_modules/egg-security/app/extend/application.js",
    "start": 1600223544362,
    "end": 1600223544362,
    "duration": 0,
    "pid": 4380,
    "index": 31
  },
  {
    "name": "Require(28) node_modules/egg-jsonp/app/extend/application.js",
    "start": 1600223544363,
    "end": 1600223544364,
    "duration": 1,
    "pid": 4380,
    "index": 32
  },
  {
    "name": "Require(29) node_modules/egg-logrotator/app/extend/application.js",
    "start": 1600223544364,
    "end": 1600223544371,
    "duration": 7,
    "pid": 4380,
    "index": 33
  },
  {
    "name": "Require(30) node_modules/egg-view/app/extend/application.js",
    "start": 1600223544371,
    "end": 1600223544372,
    "duration": 1,
    "pid": 4380,
    "index": 34
  },
  {
    "name": "Require(31) node_modules/egg-view-nunjucks/app/extend/application.js",
    "start": 1600223544373,
    "end": 1600223544417,
    "duration": 44,
    "pid": 4380,
    "index": 35
  },
  {
    "name": "Require(32) app/extend/application.js",
    "start": 1600223544417,
    "end": 1600223544569,
    "duration": 152,
    "pid": 4380,
    "index": 36
  },
  {
    "name": "Load extend/request.js",
    "start": 1600223544572,
    "end": 1600223544594,
    "duration": 22,
    "pid": 4380,
    "index": 37
  },
  {
    "name": "Require(33) node_modules/egg/app/extend/request.js",
    "start": 1600223544576,
    "end": 1600223544577,
    "duration": 1,
    "pid": 4380,
    "index": 38
  },
  {
    "name": "Load extend/response.js",
    "start": 1600223544594,
    "end": 1600223544602,
    "duration": 8,
    "pid": 4380,
    "index": 39
  },
  {
    "name": "Require(34) node_modules/egg/app/extend/response.js",
    "start": 1600223544597,
    "end": 1600223544598,
    "duration": 1,
    "pid": 4380,
    "index": 40
  },
  {
    "name": "Load extend/context.js",
    "start": 1600223544602,
    "end": 1600223544718,
    "duration": 116,
    "pid": 4380,
    "index": 41
  },
  {
    "name": "Require(35) node_modules/egg-security/app/extend/context.js",
    "start": 1600223544609,
    "end": 1600223544644,
    "duration": 35,
    "pid": 4380,
    "index": 42
  },
  {
    "name": "Require(36) node_modules/egg-jsonp/app/extend/context.js",
    "start": 1600223544645,
    "end": 1600223544647,
    "duration": 2,
    "pid": 4380,
    "index": 43
  },
  {
    "name": "Require(37) node_modules/egg-i18n/app/extend/context.js",
    "start": 1600223544648,
    "end": 1600223544648,
    "duration": 0,
    "pid": 4380,
    "index": 44
  },
  {
    "name": "Require(38) node_modules/egg-multipart/app/extend/context.js",
    "start": 1600223544649,
    "end": 1600223544712,
    "duration": 63,
    "pid": 4380,
    "index": 45
  },
  {
    "name": "Require(39) node_modules/egg-view/app/extend/context.js",
    "start": 1600223544712,
    "end": 1600223544713,
    "duration": 1,
    "pid": 4380,
    "index": 46
  },
  {
    "name": "Require(40) node_modules/egg-validate/app/extend/context.js",
    "start": 1600223544714,
    "end": 1600223544714,
    "duration": 0,
    "pid": 4380,
    "index": 47
  },
  {
    "name": "Require(41) node_modules/egg-passport/app/extend/context.js",
    "start": 1600223544714,
    "end": 1600223544715,
    "duration": 1,
    "pid": 4380,
    "index": 48
  },
  {
    "name": "Require(42) node_modules/egg/app/extend/context.js",
    "start": 1600223544715,
    "end": 1600223544716,
    "duration": 1,
    "pid": 4380,
    "index": 49
  },
  {
    "name": "Load extend/helper.js",
    "start": 1600223544718,
    "end": 1600223544739,
    "duration": 21,
    "pid": 4380,
    "index": 50
  },
  {
    "name": "Require(43) node_modules/egg-security/app/extend/helper.js",
    "start": 1600223544718,
    "end": 1600223544735,
    "duration": 17,
    "pid": 4380,
    "index": 51
  },
  {
    "name": "Require(44) node_modules/egg/app/extend/helper.js",
    "start": 1600223544736,
    "end": 1600223544736,
    "duration": 0,
    "pid": 4380,
    "index": 52
  },
  {
    "name": "Require(45) app/extend/helper.js",
    "start": 1600223544736,
    "end": 1600223544737,
    "duration": 1,
    "pid": 4380,
    "index": 53
  },
  {
    "name": "Load app.js",
    "start": 1600223544739,
    "end": 1600223545126,
    "duration": 387,
    "pid": 4380,
    "index": 54
  },
  {
    "name": "Require(46) node_modules/egg-session/app.js",
    "start": 1600223544740,
    "end": 1600223544740,
    "duration": 0,
    "pid": 4380,
    "index": 55
  },
  {
    "name": "Require(47) node_modules/egg-security/app.js",
    "start": 1600223544741,
    "end": 1600223544744,
    "duration": 3,
    "pid": 4380,
    "index": 56
  },
  {
    "name": "Require(48) node_modules/egg-onerror/app.js",
    "start": 1600223544745,
    "end": 1600223544752,
    "duration": 7,
    "pid": 4380,
    "index": 57
  },
  {
    "name": "Require(49) node_modules/egg-i18n/app.js",
    "start": 1600223544753,
    "end": 1600223544764,
    "duration": 11,
    "pid": 4380,
    "index": 58
  },
  {
    "name": "Require(50) node_modules/egg-watcher/app.js",
    "start": 1600223544764,
    "end": 1600223544769,
    "duration": 5,
    "pid": 4380,
    "index": 59
  },
  {
    "name": "Require(51) node_modules/egg-schedule/app.js",
    "start": 1600223544769,
    "end": 1600223544771,
    "duration": 2,
    "pid": 4380,
    "index": 60
  },
  {
    "name": "Require(52) node_modules/egg-multipart/app.js",
    "start": 1600223544771,
    "end": 1600223544774,
    "duration": 3,
    "pid": 4380,
    "index": 61
  },
  {
    "name": "Require(53) node_modules/egg-development/app.js",
    "start": 1600223544774,
    "end": 1600223544775,
    "duration": 1,
    "pid": 4380,
    "index": 62
  },
  {
    "name": "Require(54) node_modules/egg-logrotator/app.js",
    "start": 1600223544775,
    "end": 1600223544775,
    "duration": 0,
    "pid": 4380,
    "index": 63
  },
  {
    "name": "Require(55) node_modules/egg-static/app.js",
    "start": 1600223544776,
    "end": 1600223544776,
    "duration": 0,
    "pid": 4380,
    "index": 64
  },
  {
    "name": "Require(56) node_modules/egg-sequelize/app.js",
    "start": 1600223544776,
    "end": 1600223544777,
    "duration": 1,
    "pid": 4380,
    "index": 65
  },
  {
    "name": "Require(57) node_modules/egg-validate/app.js",
    "start": 1600223544777,
    "end": 1600223544779,
    "duration": 2,
    "pid": 4380,
    "index": 66
  },
  {
    "name": "Require(58) node_modules/egg-cors/app.js",
    "start": 1600223544779,
    "end": 1600223544780,
    "duration": 1,
    "pid": 4380,
    "index": 67
  },
  {
    "name": "Require(59) node_modules/egg-passport/app.js",
    "start": 1600223544780,
    "end": 1600223544810,
    "duration": 30,
    "pid": 4380,
    "index": 68
  },
  {
    "name": "Require(60) node_modules/egg-passport-local/app.js",
    "start": 1600223544810,
    "end": 1600223544820,
    "duration": 10,
    "pid": 4380,
    "index": 69
  },
  {
    "name": "Require(61) node_modules/egg-elasticsearch/app.js",
    "start": 1600223544820,
    "end": 1600223545102,
    "duration": 282,
    "pid": 4380,
    "index": 70
  },
  {
    "name": "Require(62) node_modules/egg-view-nunjucks/app.js",
    "start": 1600223545102,
    "end": 1600223545102,
    "duration": 0,
    "pid": 4380,
    "index": 71
  },
  {
    "name": "Require(63) app.js",
    "start": 1600223545103,
    "end": 1600223545125,
    "duration": 22,
    "pid": 4380,
    "index": 72
  },
  {
    "name": "Before Start in node_modules/egg-watcher/lib/init.js:15:14",
    "start": 1600223545150,
    "end": 1600223546971,
    "duration": 1821,
    "pid": 4380,
    "index": 73
  },
  {
    "name": "Load \"Symbol(model)\" to Application",
    "start": 1600223545699,
    "end": 1600223545752,
    "duration": 53,
    "pid": 4380,
    "index": 74
  },
  {
    "name": "Before Start in node_modules/egg-sequelize/lib/loader.js:39:7",
    "start": 1600223545791,
    "end": 1600223547022,
    "duration": 1231,
    "pid": 4380,
    "index": 75
  },
  {
    "name": "Load Service",
    "start": 1600223545803,
    "end": 1600223546126,
    "duration": 323,
    "pid": 4380,
    "index": 76
  },
  {
    "name": "Load \"service\" to Context",
    "start": 1600223545804,
    "end": 1600223546126,
    "duration": 322,
    "pid": 4380,
    "index": 77
  },
  {
    "name": "Load Middleware",
    "start": 1600223546126,
    "end": 1600223546219,
    "duration": 93,
    "pid": 4380,
    "index": 78
  },
  {
    "name": "Load \"middlewares\" to Application",
    "start": 1600223546126,
    "end": 1600223546210,
    "duration": 84,
    "pid": 4380,
    "index": 79
  },
  {
    "name": "Load Controller",
    "start": 1600223546219,
    "end": 1600223546852,
    "duration": 633,
    "pid": 4380,
    "index": 80
  },
  {
    "name": "Load \"controller\" to Application",
    "start": 1600223546219,
    "end": 1600223546852,
    "duration": 633,
    "pid": 4380,
    "index": 81
  },
  {
    "name": "Load Router",
    "start": 1600223546852,
    "end": 1600223546867,
    "duration": 15,
    "pid": 4380,
    "index": 82
  },
  {
    "name": "Require(64) app/router.js",
    "start": 1600223546852,
    "end": 1600223546854,
    "duration": 2,
    "pid": 4380,
    "index": 83
  },
  {
    "name": "Before Start in node_modules/egg-core/lib/egg.js:287:10",
    "start": 1600223546856,
    "end": 1600223546890,
    "duration": 34,
    "pid": 4380,
    "index": 84
  }
]