[
  {
    "name": "Application Start",
    "start": 1600223919688,
    "end": 1600223921943,
    "duration": 2255,
    "pid": 25024,
    "index": 0
  },
  {
    "name": "Load Plugin",
    "start": 1600223919700,
    "end": 1600223919718,
    "duration": 18,
    "pid": 25024,
    "index": 1
  },
  {
    "name": "Load Config",
    "start": 1600223919719,
    "end": 1600223919744,
    "duration": 25,
    "pid": 25024,
    "index": 2
  },
  {
    "name": "Require(0) config/config.default.js",
    "start": 1600223919719,
    "end": 1600223919720,
    "duration": 1,
    "pid": 25024,
    "index": 3
  },
  {
    "name": "Require(1) node_modules/egg-session/config/config.default.js",
    "start": 1600223919722,
    "end": 1600223919722,
    "duration": 0,
    "pid": 25024,
    "index": 4
  },
  {
    "name": "Require(2) node_modules/egg-security/config/config.default.js",
    "start": 1600223919722,
    "end": 1600223919722,
    "duration": 0,
    "pid": 25024,
    "index": 5
  },
  {
    "name": "Require(3) node_modules/egg-jsonp/config/config.default.js",
    "start": 1600223919723,
    "end": 1600223919723,
    "duration": 0,
    "pid": 25024,
    "index": 6
  },
  {
    "name": "Require(4) node_modules/egg-onerror/config/config.default.js",
    "start": 1600223919724,
    "end": 1600223919724,
    "duration": 0,
    "pid": 25024,
    "index": 7
  },
  {
    "name": "Require(5) node_modules/egg-i18n/config/config.default.js",
    "start": 1600223919725,
    "end": 1600223919725,
    "duration": 0,
    "pid": 25024,
    "index": 8
  },
  {
    "name": "Require(6) node_modules/egg-watcher/config/config.default.js",
    "start": 1600223919726,
    "end": 1600223919727,
    "duration": 1,
    "pid": 25024,
    "index": 9
  },
  {
    "name": "Require(7) node_modules/egg-schedule/config/config.default.js",
    "start": 1600223919727,
    "end": 1600223919727,
    "duration": 0,
    "pid": 25024,
    "index": 10
  },
  {
    "name": "Require(8) node_modules/egg-multipart/config/config.default.js",
    "start": 1600223919727,
    "end": 1600223919728,
    "duration": 1,
    "pid": 25024,
    "index": 11
  },
  {
    "name": "Require(9) node_modules/egg-development/config/config.default.js",
    "start": 1600223919728,
    "end": 1600223919728,
    "duration": 0,
    "pid": 25024,
    "index": 12
  },
  {
    "name": "Require(10) node_modules/egg-logrotator/config/config.default.js",
    "start": 1600223919729,
    "end": 1600223919729,
    "duration": 0,
    "pid": 25024,
    "index": 13
  },
  {
    "name": "Require(11) node_modules/egg-static/config/config.default.js",
    "start": 1600223919730,
    "end": 1600223919730,
    "duration": 0,
    "pid": 25024,
    "index": 14
  },
  {
    "name": "Require(12) node_modules/egg-view/config/config.default.js",
    "start": 1600223919730,
    "end": 1600223919731,
    "duration": 1,
    "pid": 25024,
    "index": 15
  },
  {
    "name": "Require(13) node_modules/egg-sequelize/config/config.default.js",
    "start": 1600223919731,
    "end": 1600223919732,
    "duration": 1,
    "pid": 25024,
    "index": 16
  },
  {
    "name": "Require(14) node_modules/egg-validate/config/config.default.js",
    "start": 1600223919733,
    "end": 1600223919733,
    "duration": 0,
    "pid": 25024,
    "index": 17
  },
  {
    "name": "Require(15) node_modules/egg-cors/config/config.default.js",
    "start": 1600223919733,
    "end": 1600223919734,
    "duration": 1,
    "pid": 25024,
    "index": 18
  },
  {
    "name": "Require(16) node_modules/egg-passport-local/config/config.default.js",
    "start": 1600223919734,
    "end": 1600223919734,
    "duration": 0,
    "pid": 25024,
    "index": 19
  },
  {
    "name": "Require(17) node_modules/egg-elasticsearch/config/config.default.js",
    "start": 1600223919735,
    "end": 1600223919735,
    "duration": 0,
    "pid": 25024,
    "index": 20
  },
  {
    "name": "Require(18) node_modules/egg-view-nunjucks/config/config.default.js",
    "start": 1600223919735,
    "end": 1600223919735,
    "duration": 0,
    "pid": 25024,
    "index": 21
  },
  {
    "name": "Require(19) node_modules/egg/config/config.default.js",
    "start": 1600223919735,
    "end": 1600223919736,
    "duration": 1,
    "pid": 25024,
    "index": 22
  },
  {
    "name": "Require(20) config/config.default.js",
    "start": 1600223919737,
    "end": 1600223919737,
    "duration": 0,
    "pid": 25024,
    "index": 23
  },
  {
    "name": "Require(21) node_modules/egg-security/config/config.local.js",
    "start": 1600223919738,
    "end": 1600223919738,
    "duration": 0,
    "pid": 25024,
    "index": 24
  },
  {
    "name": "Require(22) node_modules/egg-watcher/config/config.local.js",
    "start": 1600223919738,
    "end": 1600223919739,
    "duration": 1,
    "pid": 25024,
    "index": 25
  },
  {
    "name": "Require(23) node_modules/egg-view/config/config.local.js",
    "start": 1600223919740,
    "end": 1600223919741,
    "duration": 1,
    "pid": 25024,
    "index": 26
  },
  {
    "name": "Require(24) node_modules/egg-view-nunjucks/config/config.local.js",
    "start": 1600223919743,
    "end": 1600223919743,
    "duration": 0,
    "pid": 25024,
    "index": 27
  },
  {
    "name": "Require(25) node_modules/egg/config/config.local.js",
    "start": 1600223919743,
    "end": 1600223919743,
    "duration": 0,
    "pid": 25024,
    "index": 28
  },
  {
    "name": "Load extend/application.js",
    "start": 1600223919745,
    "end": 1600223919918,
    "duration": 173,
    "pid": 25024,
    "index": 29
  },
  {
    "name": "Require(26) node_modules/egg-session/app/extend/application.js",
    "start": 1600223919746,
    "end": 1600223919746,
    "duration": 0,
    "pid": 25024,
    "index": 30
  },
  {
    "name": "Require(27) node_modules/egg-security/app/extend/application.js",
    "start": 1600223919747,
    "end": 1600223919748,
    "duration": 1,
    "pid": 25024,
    "index": 31
  },
  {
    "name": "Require(28) node_modules/egg-jsonp/app/extend/application.js",
    "start": 1600223919748,
    "end": 1600223919750,
    "duration": 2,
    "pid": 25024,
    "index": 32
  },
  {
    "name": "Require(29) node_modules/egg-logrotator/app/extend/application.js",
    "start": 1600223919751,
    "end": 1600223919759,
    "duration": 8,
    "pid": 25024,
    "index": 33
  },
  {
    "name": "Require(30) node_modules/egg-view/app/extend/application.js",
    "start": 1600223919759,
    "end": 1600223919760,
    "duration": 1,
    "pid": 25024,
    "index": 34
  },
  {
    "name": "Require(31) node_modules/egg-view-nunjucks/app/extend/application.js",
    "start": 1600223919761,
    "end": 1600223919809,
    "duration": 48,
    "pid": 25024,
    "index": 35
  },
  {
    "name": "Require(32) app/extend/application.js",
    "start": 1600223919809,
    "end": 1600223919916,
    "duration": 107,
    "pid": 25024,
    "index": 36
  },
  {
    "name": "Load extend/request.js",
    "start": 1600223919918,
    "end": 1600223919922,
    "duration": 4,
    "pid": 25024,
    "index": 37
  },
  {
    "name": "Require(33) node_modules/egg/app/extend/request.js",
    "start": 1600223919920,
    "end": 1600223919920,
    "duration": 0,
    "pid": 25024,
    "index": 38
  },
  {
    "name": "Load extend/response.js",
    "start": 1600223919922,
    "end": 1600223919926,
    "duration": 4,
    "pid": 25024,
    "index": 39
  },
  {
    "name": "Require(34) node_modules/egg/app/extend/response.js",
    "start": 1600223919924,
    "end": 1600223919925,
    "duration": 1,
    "pid": 25024,
    "index": 40
  },
  {
    "name": "Load extend/context.js",
    "start": 1600223919926,
    "end": 1600223920010,
    "duration": 84,
    "pid": 25024,
    "index": 41
  },
  {
    "name": "Require(35) node_modules/egg-security/app/extend/context.js",
    "start": 1600223919927,
    "end": 1600223919942,
    "duration": 15,
    "pid": 25024,
    "index": 42
  },
  {
    "name": "Require(36) node_modules/egg-jsonp/app/extend/context.js",
    "start": 1600223919942,
    "end": 1600223919943,
    "duration": 1,
    "pid": 25024,
    "index": 43
  },
  {
    "name": "Require(37) node_modules/egg-i18n/app/extend/context.js",
    "start": 1600223919943,
    "end": 1600223919943,
    "duration": 0,
    "pid": 25024,
    "index": 44
  },
  {
    "name": "Require(38) node_modules/egg-multipart/app/extend/context.js",
    "start": 1600223919944,
    "end": 1600223919988,
    "duration": 44,
    "pid": 25024,
    "index": 45
  },
  {
    "name": "Require(39) node_modules/egg-view/app/extend/context.js",
    "start": 1600223919988,
    "end": 1600223919989,
    "duration": 1,
    "pid": 25024,
    "index": 46
  },
  {
    "name": "Require(40) node_modules/egg-validate/app/extend/context.js",
    "start": 1600223919989,
    "end": 1600223919993,
    "duration": 4,
    "pid": 25024,
    "index": 47
  },
  {
    "name": "Require(41) node_modules/egg-passport/app/extend/context.js",
    "start": 1600223919994,
    "end": 1600223919995,
    "duration": 1,
    "pid": 25024,
    "index": 48
  },
  {
    "name": "Require(42) node_modules/egg/app/extend/context.js",
    "start": 1600223920004,
    "end": 1600223920007,
    "duration": 3,
    "pid": 25024,
    "index": 49
  },
  {
    "name": "Load extend/helper.js",
    "start": 1600223920010,
    "end": 1600223920033,
    "duration": 23,
    "pid": 25024,
    "index": 50
  },
  {
    "name": "Require(43) node_modules/egg-security/app/extend/helper.js",
    "start": 1600223920011,
    "end": 1600223920028,
    "duration": 17,
    "pid": 25024,
    "index": 51
  },
  {
    "name": "Require(44) node_modules/egg/app/extend/helper.js",
    "start": 1600223920031,
    "end": 1600223920031,
    "duration": 0,
    "pid": 25024,
    "index": 52
  },
  {
    "name": "Require(45) app/extend/helper.js",
    "start": 1600223920032,
    "end": 1600223920032,
    "duration": 0,
    "pid": 25024,
    "index": 53
  },
  {
    "name": "Load app.js",
    "start": 1600223920033,
    "end": 1600223920359,
    "duration": 326,
    "pid": 25024,
    "index": 54
  },
  {
    "name": "Require(46) node_modules/egg-session/app.js",
    "start": 1600223920034,
    "end": 1600223920034,
    "duration": 0,
    "pid": 25024,
    "index": 55
  },
  {
    "name": "Require(47) node_modules/egg-security/app.js",
    "start": 1600223920034,
    "end": 1600223920035,
    "duration": 1,
    "pid": 25024,
    "index": 56
  },
  {
    "name": "Require(48) node_modules/egg-onerror/app.js",
    "start": 1600223920036,
    "end": 1600223920043,
    "duration": 7,
    "pid": 25024,
    "index": 57
  },
  {
    "name": "Require(49) node_modules/egg-i18n/app.js",
    "start": 1600223920043,
    "end": 1600223920052,
    "duration": 9,
    "pid": 25024,
    "index": 58
  },
  {
    "name": "Require(50) node_modules/egg-watcher/app.js",
    "start": 1600223920052,
    "end": 1600223920058,
    "duration": 6,
    "pid": 25024,
    "index": 59
  },
  {
    "name": "Require(51) node_modules/egg-schedule/app.js",
    "start": 1600223920058,
    "end": 1600223920059,
    "duration": 1,
    "pid": 25024,
    "index": 60
  },
  {
    "name": "Require(52) node_modules/egg-multipart/app.js",
    "start": 1600223920059,
    "end": 1600223920061,
    "duration": 2,
    "pid": 25024,
    "index": 61
  },
  {
    "name": "Require(53) node_modules/egg-development/app.js",
    "start": 1600223920061,
    "end": 1600223920061,
    "duration": 0,
    "pid": 25024,
    "index": 62
  },
  {
    "name": "Require(54) node_modules/egg-logrotator/app.js",
    "start": 1600223920061,
    "end": 1600223920061,
    "duration": 0,
    "pid": 25024,
    "index": 63
  },
  {
    "name": "Require(55) node_modules/egg-static/app.js",
    "start": 1600223920062,
    "end": 1600223920062,
    "duration": 0,
    "pid": 25024,
    "index": 64
  },
  {
    "name": "Require(56) node_modules/egg-sequelize/app.js",
    "start": 1600223920062,
    "end": 1600223920063,
    "duration": 1,
    "pid": 25024,
    "index": 65
  },
  {
    "name": "Require(57) node_modules/egg-validate/app.js",
    "start": 1600223920063,
    "end": 1600223920064,
    "duration": 1,
    "pid": 25024,
    "index": 66
  },
  {
    "name": "Require(58) node_modules/egg-cors/app.js",
    "start": 1600223920064,
    "end": 1600223920065,
    "duration": 1,
    "pid": 25024,
    "index": 67
  },
  {
    "name": "Require(59) node_modules/egg-passport/app.js",
    "start": 1600223920065,
    "end": 1600223920080,
    "duration": 15,
    "pid": 25024,
    "index": 68
  },
  {
    "name": "Require(60) node_modules/egg-passport-local/app.js",
    "start": 1600223920080,
    "end": 1600223920088,
    "duration": 8,
    "pid": 25024,
    "index": 69
  },
  {
    "name": "Require(61) node_modules/egg-elasticsearch/app.js",
    "start": 1600223920088,
    "end": 1600223920341,
    "duration": 253,
    "pid": 25024,
    "index": 70
  },
  {
    "name": "Require(62) node_modules/egg-view-nunjucks/app.js",
    "start": 1600223920341,
    "end": 1600223920342,
    "duration": 1,
    "pid": 25024,
    "index": 71
  },
  {
    "name": "Require(63) app.js",
    "start": 1600223920342,
    "end": 1600223920358,
    "duration": 16,
    "pid": 25024,
    "index": 72
  },
  {
    "name": "Before Start in node_modules/egg-watcher/lib/init.js:15:14",
    "start": 1600223920380,
    "end": 1600223921894,
    "duration": 1514,
    "pid": 25024,
    "index": 73
  },
  {
    "name": "Load \"Symbol(model)\" to Application",
    "start": 1600223920831,
    "end": 1600223920870,
    "duration": 39,
    "pid": 25024,
    "index": 74
  },
  {
    "name": "Before Start in node_modules/egg-sequelize/lib/loader.js:39:7",
    "start": 1600223920902,
    "end": 1600223921942,
    "duration": 1040,
    "pid": 25024,
    "index": 75
  },
  {
    "name": "Load Service",
    "start": 1600223920914,
    "end": 1600223921233,
    "duration": 319,
    "pid": 25024,
    "index": 76
  },
  {
    "name": "Load \"service\" to Context",
    "start": 1600223920914,
    "end": 1600223921233,
    "duration": 319,
    "pid": 25024,
    "index": 77
  },
  {
    "name": "Load Middleware",
    "start": 1600223921234,
    "end": 1600223921312,
    "duration": 78,
    "pid": 25024,
    "index": 78
  },
  {
    "name": "Load \"middlewares\" to Application",
    "start": 1600223921234,
    "end": 1600223921304,
    "duration": 70,
    "pid": 25024,
    "index": 79
  },
  {
    "name": "Load Controller",
    "start": 1600223921312,
    "end": 1600223921785,
    "duration": 473,
    "pid": 25024,
    "index": 80
  },
  {
    "name": "Load \"controller\" to Application",
    "start": 1600223921312,
    "end": 1600223921785,
    "duration": 473,
    "pid": 25024,
    "index": 81
  },
  {
    "name": "Load Router",
    "start": 1600223921785,
    "end": 1600223921794,
    "duration": 9,
    "pid": 25024,
    "index": 82
  },
  {
    "name": "Require(64) app/router.js",
    "start": 1600223921785,
    "end": 1600223921786,
    "duration": 1,
    "pid": 25024,
    "index": 83
  },
  {
    "name": "Before Start in node_modules/egg-core/lib/egg.js:287:10",
    "start": 1600223921787,
    "end": 1600223921820,
    "duration": 33,
    "pid": 25024,
    "index": 84
  }
]