[
  {
    "name": "Application Start",
    "start": 1600223302444,
    "end": 1600223305168,
    "duration": 2724,
    "pid": 12648,
    "index": 0
  },
  {
    "name": "Load Plugin",
    "start": 1600223302456,
    "end": 1600223302477,
    "duration": 21,
    "pid": 12648,
    "index": 1
  },
  {
    "name": "Load Config",
    "start": 1600223302477,
    "end": 1600223302500,
    "duration": 23,
    "pid": 12648,
    "index": 2
  },
  {
    "name": "Require(0) config/config.default.js",
    "start": 1600223302478,
    "end": 1600223302478,
    "duration": 0,
    "pid": 12648,
    "index": 3
  },
  {
    "name": "Require(1) node_modules/egg-session/config/config.default.js",
    "start": 1600223302480,
    "end": 1600223302480,
    "duration": 0,
    "pid": 12648,
    "index": 4
  },
  {
    "name": "Require(2) node_modules/egg-security/config/config.default.js",
    "start": 1600223302480,
    "end": 1600223302481,
    "duration": 1,
    "pid": 12648,
    "index": 5
  },
  {
    "name": "Require(3) node_modules/egg-jsonp/config/config.default.js",
    "start": 1600223302482,
    "end": 1600223302482,
    "duration": 0,
    "pid": 12648,
    "index": 6
  },
  {
    "name": "Require(4) node_modules/egg-onerror/config/config.default.js",
    "start": 1600223302482,
    "end": 1600223302483,
    "duration": 1,
    "pid": 12648,
    "index": 7
  },
  {
    "name": "Require(5) node_modules/egg-i18n/config/config.default.js",
    "start": 1600223302483,
    "end": 1600223302483,
    "duration": 0,
    "pid": 12648,
    "index": 8
  },
  {
    "name": "Require(6) node_modules/egg-watcher/config/config.default.js",
    "start": 1600223302484,
    "end": 1600223302484,
    "duration": 0,
    "pid": 12648,
    "index": 9
  },
  {
    "name": "Require(7) node_modules/egg-schedule/config/config.default.js",
    "start": 1600223302484,
    "end": 1600223302484,
    "duration": 0,
    "pid": 12648,
    "index": 10
  },
  {
    "name": "Require(8) node_modules/egg-multipart/config/config.default.js",
    "start": 1600223302485,
    "end": 1600223302485,
    "duration": 0,
    "pid": 12648,
    "index": 11
  },
  {
    "name": "Require(9) node_modules/egg-development/config/config.default.js",
    "start": 1600223302486,
    "end": 1600223302486,
    "duration": 0,
    "pid": 12648,
    "index": 12
  },
  {
    "name": "Require(10) node_modules/egg-logrotator/config/config.default.js",
    "start": 1600223302486,
    "end": 1600223302486,
    "duration": 0,
    "pid": 12648,
    "index": 13
  },
  {
    "name": "Require(11) node_modules/egg-static/config/config.default.js",
    "start": 1600223302487,
    "end": 1600223302487,
    "duration": 0,
    "pid": 12648,
    "index": 14
  },
  {
    "name": "Require(12) node_modules/egg-view/config/config.default.js",
    "start": 1600223302487,
    "end": 1600223302488,
    "duration": 1,
    "pid": 12648,
    "index": 15
  },
  {
    "name": "Require(13) node_modules/egg-sequelize/config/config.default.js",
    "start": 1600223302488,
    "end": 1600223302488,
    "duration": 0,
    "pid": 12648,
    "index": 16
  },
  {
    "name": "Require(14) node_modules/egg-validate/config/config.default.js",
    "start": 1600223302489,
    "end": 1600223302489,
    "duration": 0,
    "pid": 12648,
    "index": 17
  },
  {
    "name": "Require(15) node_modules/egg-cors/config/config.default.js",
    "start": 1600223302489,
    "end": 1600223302489,
    "duration": 0,
    "pid": 12648,
    "index": 18
  },
  {
    "name": "Require(16) node_modules/egg-passport-local/config/config.default.js",
    "start": 1600223302490,
    "end": 1600223302490,
    "duration": 0,
    "pid": 12648,
    "index": 19
  },
  {
    "name": "Require(17) node_modules/egg-elasticsearch/config/config.default.js",
    "start": 1600223302490,
    "end": 1600223302490,
    "duration": 0,
    "pid": 12648,
    "index": 20
  },
  {
    "name": "Require(18) node_modules/egg-view-nunjucks/config/config.default.js",
    "start": 1600223302491,
    "end": 1600223302491,
    "duration": 0,
    "pid": 12648,
    "index": 21
  },
  {
    "name": "Require(19) node_modules/egg/config/config.default.js",
    "start": 1600223302492,
    "end": 1600223302493,
    "duration": 1,
    "pid": 12648,
    "index": 22
  },
  {
    "name": "Require(20) config/config.default.js",
    "start": 1600223302494,
    "end": 1600223302494,
    "duration": 0,
    "pid": 12648,
    "index": 23
  },
  {
    "name": "Require(21) node_modules/egg-security/config/config.local.js",
    "start": 1600223302495,
    "end": 1600223302495,
    "duration": 0,
    "pid": 12648,
    "index": 24
  },
  {
    "name": "Require(22) node_modules/egg-watcher/config/config.local.js",
    "start": 1600223302496,
    "end": 1600223302496,
    "duration": 0,
    "pid": 12648,
    "index": 25
  },
  {
    "name": "Require(23) node_modules/egg-view/config/config.local.js",
    "start": 1600223302498,
    "end": 1600223302498,
    "duration": 0,
    "pid": 12648,
    "index": 26
  },
  {
    "name": "Require(24) node_modules/egg-view-nunjucks/config/config.local.js",
    "start": 1600223302499,
    "end": 1600223302499,
    "duration": 0,
    "pid": 12648,
    "index": 27
  },
  {
    "name": "Require(25) node_modules/egg/config/config.local.js",
    "start": 1600223302499,
    "end": 1600223302500,
    "duration": 1,
    "pid": 12648,
    "index": 28
  },
  {
    "name": "Load extend/application.js",
    "start": 1600223302501,
    "end": 1600223302701,
    "duration": 200,
    "pid": 12648,
    "index": 29
  },
  {
    "name": "Require(26) node_modules/egg-session/app/extend/application.js",
    "start": 1600223302502,
    "end": 1600223302502,
    "duration": 0,
    "pid": 12648,
    "index": 30
  },
  {
    "name": "Require(27) node_modules/egg-security/app/extend/application.js",
    "start": 1600223302503,
    "end": 1600223302504,
    "duration": 1,
    "pid": 12648,
    "index": 31
  },
  {
    "name": "Require(28) node_modules/egg-jsonp/app/extend/application.js",
    "start": 1600223302504,
    "end": 1600223302505,
    "duration": 1,
    "pid": 12648,
    "index": 32
  },
  {
    "name": "Require(29) node_modules/egg-logrotator/app/extend/application.js",
    "start": 1600223302506,
    "end": 1600223302515,
    "duration": 9,
    "pid": 12648,
    "index": 33
  },
  {
    "name": "Require(30) node_modules/egg-view/app/extend/application.js",
    "start": 1600223302515,
    "end": 1600223302516,
    "duration": 1,
    "pid": 12648,
    "index": 34
  },
  {
    "name": "Require(31) node_modules/egg-view-nunjucks/app/extend/application.js",
    "start": 1600223302517,
    "end": 1600223302567,
    "duration": 50,
    "pid": 12648,
    "index": 35
  },
  {
    "name": "Require(32) app/extend/application.js",
    "start": 1600223302568,
    "end": 1600223302699,
    "duration": 131,
    "pid": 12648,
    "index": 36
  },
  {
    "name": "Load extend/request.js",
    "start": 1600223302701,
    "end": 1600223302706,
    "duration": 5,
    "pid": 12648,
    "index": 37
  },
  {
    "name": "Require(33) node_modules/egg/app/extend/request.js",
    "start": 1600223302703,
    "end": 1600223302704,
    "duration": 1,
    "pid": 12648,
    "index": 38
  },
  {
    "name": "Load extend/response.js",
    "start": 1600223302706,
    "end": 1600223302713,
    "duration": 7,
    "pid": 12648,
    "index": 39
  },
  {
    "name": "Require(34) node_modules/egg/app/extend/response.js",
    "start": 1600223302709,
    "end": 1600223302710,
    "duration": 1,
    "pid": 12648,
    "index": 40
  },
  {
    "name": "Load extend/context.js",
    "start": 1600223302713,
    "end": 1600223302777,
    "duration": 64,
    "pid": 12648,
    "index": 41
  },
  {
    "name": "Require(35) node_modules/egg-security/app/extend/context.js",
    "start": 1600223302713,
    "end": 1600223302728,
    "duration": 15,
    "pid": 12648,
    "index": 42
  },
  {
    "name": "Require(36) node_modules/egg-jsonp/app/extend/context.js",
    "start": 1600223302728,
    "end": 1600223302729,
    "duration": 1,
    "pid": 12648,
    "index": 43
  },
  {
    "name": "Require(37) node_modules/egg-i18n/app/extend/context.js",
    "start": 1600223302730,
    "end": 1600223302730,
    "duration": 0,
    "pid": 12648,
    "index": 44
  },
  {
    "name": "Require(38) node_modules/egg-multipart/app/extend/context.js",
    "start": 1600223302730,
    "end": 1600223302770,
    "duration": 40,
    "pid": 12648,
    "index": 45
  },
  {
    "name": "Require(39) node_modules/egg-view/app/extend/context.js",
    "start": 1600223302771,
    "end": 1600223302772,
    "duration": 1,
    "pid": 12648,
    "index": 46
  },
  {
    "name": "Require(40) node_modules/egg-validate/app/extend/context.js",
    "start": 1600223302772,
    "end": 1600223302772,
    "duration": 0,
    "pid": 12648,
    "index": 47
  },
  {
    "name": "Require(41) node_modules/egg-passport/app/extend/context.js",
    "start": 1600223302774,
    "end": 1600223302774,
    "duration": 0,
    "pid": 12648,
    "index": 48
  },
  {
    "name": "Require(42) node_modules/egg/app/extend/context.js",
    "start": 1600223302775,
    "end": 1600223302776,
    "duration": 1,
    "pid": 12648,
    "index": 49
  },
  {
    "name": "Load extend/helper.js",
    "start": 1600223302778,
    "end": 1600223302794,
    "duration": 16,
    "pid": 12648,
    "index": 50
  },
  {
    "name": "Require(43) node_modules/egg-security/app/extend/helper.js",
    "start": 1600223302778,
    "end": 1600223302789,
    "duration": 11,
    "pid": 12648,
    "index": 51
  },
  {
    "name": "Require(44) node_modules/egg/app/extend/helper.js",
    "start": 1600223302790,
    "end": 1600223302790,
    "duration": 0,
    "pid": 12648,
    "index": 52
  },
  {
    "name": "Require(45) app/extend/helper.js",
    "start": 1600223302791,
    "end": 1600223302791,
    "duration": 0,
    "pid": 12648,
    "index": 53
  },
  {
    "name": "Load app.js",
    "start": 1600223302794,
    "end": 1600223303238,
    "duration": 444,
    "pid": 12648,
    "index": 54
  },
  {
    "name": "Require(46) node_modules/egg-session/app.js",
    "start": 1600223302794,
    "end": 1600223302795,
    "duration": 1,
    "pid": 12648,
    "index": 55
  },
  {
    "name": "Require(47) node_modules/egg-security/app.js",
    "start": 1600223302795,
    "end": 1600223302796,
    "duration": 1,
    "pid": 12648,
    "index": 56
  },
  {
    "name": "Require(48) node_modules/egg-onerror/app.js",
    "start": 1600223302796,
    "end": 1600223302805,
    "duration": 9,
    "pid": 12648,
    "index": 57
  },
  {
    "name": "Require(49) node_modules/egg-i18n/app.js",
    "start": 1600223302805,
    "end": 1600223302813,
    "duration": 8,
    "pid": 12648,
    "index": 58
  },
  {
    "name": "Require(50) node_modules/egg-watcher/app.js",
    "start": 1600223302814,
    "end": 1600223302819,
    "duration": 5,
    "pid": 12648,
    "index": 59
  },
  {
    "name": "Require(51) node_modules/egg-schedule/app.js",
    "start": 1600223302819,
    "end": 1600223302821,
    "duration": 2,
    "pid": 12648,
    "index": 60
  },
  {
    "name": "Require(52) node_modules/egg-multipart/app.js",
    "start": 1600223302821,
    "end": 1600223302824,
    "duration": 3,
    "pid": 12648,
    "index": 61
  },
  {
    "name": "Require(53) node_modules/egg-development/app.js",
    "start": 1600223302824,
    "end": 1600223302825,
    "duration": 1,
    "pid": 12648,
    "index": 62
  },
  {
    "name": "Require(54) node_modules/egg-logrotator/app.js",
    "start": 1600223302825,
    "end": 1600223302825,
    "duration": 0,
    "pid": 12648,
    "index": 63
  },
  {
    "name": "Require(55) node_modules/egg-static/app.js",
    "start": 1600223302825,
    "end": 1600223302826,
    "duration": 1,
    "pid": 12648,
    "index": 64
  },
  {
    "name": "Require(56) node_modules/egg-sequelize/app.js",
    "start": 1600223302826,
    "end": 1600223302826,
    "duration": 0,
    "pid": 12648,
    "index": 65
  },
  {
    "name": "Require(57) node_modules/egg-validate/app.js",
    "start": 1600223302826,
    "end": 1600223302828,
    "duration": 2,
    "pid": 12648,
    "index": 66
  },
  {
    "name": "Require(58) node_modules/egg-cors/app.js",
    "start": 1600223302828,
    "end": 1600223302828,
    "duration": 0,
    "pid": 12648,
    "index": 67
  },
  {
    "name": "Require(59) node_modules/egg-passport/app.js",
    "start": 1600223302828,
    "end": 1600223302854,
    "duration": 26,
    "pid": 12648,
    "index": 68
  },
  {
    "name": "Require(60) node_modules/egg-passport-local/app.js",
    "start": 1600223302854,
    "end": 1600223302863,
    "duration": 9,
    "pid": 12648,
    "index": 69
  },
  {
    "name": "Require(61) node_modules/egg-elasticsearch/app.js",
    "start": 1600223302863,
    "end": 1600223303197,
    "duration": 334,
    "pid": 12648,
    "index": 70
  },
  {
    "name": "Require(62) node_modules/egg-view-nunjucks/app.js",
    "start": 1600223303197,
    "end": 1600223303197,
    "duration": 0,
    "pid": 12648,
    "index": 71
  },
  {
    "name": "Require(63) app.js",
    "start": 1600223303198,
    "end": 1600223303238,
    "duration": 40,
    "pid": 12648,
    "index": 72
  },
  {
    "name": "Before Start in node_modules/egg-watcher/lib/init.js:15:14",
    "start": 1600223303293,
    "end": 1600223305139,
    "duration": 1846,
    "pid": 12648,
    "index": 73
  },
  {
    "name": "Load \"Symbol(model)\" to Application",
    "start": 1600223303692,
    "end": 1600223303746,
    "duration": 54,
    "pid": 12648,
    "index": 74
  },
  {
    "name": "Before Start in node_modules/egg-sequelize/lib/loader.js:39:7",
    "start": 1600223303776,
    "end": 1600223305168,
    "duration": 1392,
    "pid": 12648,
    "index": 75
  },
  {
    "name": "Load Service",
    "start": 1600223303784,
    "end": 1600223304064,
    "duration": 280,
    "pid": 12648,
    "index": 76
  },
  {
    "name": "Load \"service\" to Context",
    "start": 1600223303784,
    "end": 1600223304064,
    "duration": 280,
    "pid": 12648,
    "index": 77
  },
  {
    "name": "Load Middleware",
    "start": 1600223304064,
    "end": 1600223304182,
    "duration": 118,
    "pid": 12648,
    "index": 78
  },
  {
    "name": "Load \"middlewares\" to Application",
    "start": 1600223304064,
    "end": 1600223304169,
    "duration": 105,
    "pid": 12648,
    "index": 79
  },
  {
    "name": "Load Controller",
    "start": 1600223304182,
    "end": 1600223305044,
    "duration": 862,
    "pid": 12648,
    "index": 80
  },
  {
    "name": "Load \"controller\" to Application",
    "start": 1600223304182,
    "end": 1600223305044,
    "duration": 862,
    "pid": 12648,
    "index": 81
  },
  {
    "name": "Load Router",
    "start": 1600223305044,
    "end": 1600223305064,
    "duration": 20,
    "pid": 12648,
    "index": 82
  },
  {
    "name": "Require(64) app/router.js",
    "start": 1600223305045,
    "end": 1600223305046,
    "duration": 1,
    "pid": 12648,
    "index": 83
  },
  {
    "name": "Before Start in node_modules/egg-core/lib/egg.js:287:10",
    "start": 1600223305048,
    "end": 1600223305092,
    "duration": 44,
    "pid": 12648,
    "index": 84
  }
]