{
  "config": {
    "session": {
      "maxAge": 86400000,
      "key": "EGG_SESS",
      "httpOnly": true,
      "encrypt": true,
      "overwrite": true,
      "signed": true,
      "autoCommit": true,
      "encode": "<Function encode>",
      "decode": "<Function decode>",
      "genid": "<Function anonymous>"
    },
    "security": {
      "domainWhiteList": [],
      "protocolWhiteList": [],
      "defaultMiddleware": "csrf,hsts,methodnoallow,noopen,nosniff,csp,xssProtection,xframe,dta",
      "csrf": {
        "enable": false,
        "useSession": false,
        "ignoreJSON": true,
        "cookieName": "csrfToken",
        "sessionName": "csrfToken",
        "headerName": "x-csrf-token",
        "bodyName": "_csrf",
        "queryName": "_csrf"
      },
      "xframe": {
        "enable": true,
        "value": "SAMEORIGIN",
        "matching": "<Function anonymous>"
      },
      "hsts": {
        "enable": false,
        "maxAge": 31536000,
        "includeSubdomains": false
      },
      "dta": {
        "enable": true,
        "matching": "<Function anonymous>"
      },
      "methodnoallow": {
        "enable": true,
        "matching": "<Function anonymous>"
      },
      "noopen": {
        "enable": true,
        "matching": "<Function anonymous>"
      },
      "nosniff": {
        "enable": true,
        "matching": "<Function anonymous>"
      },
      "referrerPolicy": {
        "enable": false,
        "value": "no-referrer-when-downgrade"
      },
      "xssProtection": {
        "enable": true,
        "value": "1; mode=block",
        "matching": "<Function anonymous>"
      },
      "csp": {
        "enable": false,
        "policy": {}
      },
      "ssrf": {
        "ipBlackList": null,
        "checkAddress": null
      },
      "_protocolWhiteListSet": "<Set>"
    },
    "helper": {
      "shtml": {}
    },
    "jsonp": {
      "limit": 50,
      "callback": [
        "_callback",
        "callback"
      ],
      "csrf": false
    },
    "onerror": {
      "errorPageUrl": "/50x.html",
      "appErrorFilter": null,
      "templatePath": "E:\\code\\java\\pinwall\\pinwall-server\\node_modules\\egg-onerror\\lib\\onerror_page.mustache"
    },
    "i18n": {
      "defaultLocale": "en_US",
      "dirs": [
        "E:\\code\\java\\pinwall\\pinwall-server\\node_modules\\egg-session\\config\\locales",
        "E:\\code\\java\\pinwall\\pinwall-server\\node_modules\\egg-security\\config\\locales",
        "E:\\code\\java\\pinwall\\pinwall-server\\node_modules\\egg-jsonp\\config\\locales",
        "E:\\code\\java\\pinwall\\pinwall-server\\node_modules\\egg-onerror\\config\\locales",
        "E:\\code\\java\\pinwall\\pinwall-server\\node_modules\\egg-i18n\\config\\locales",
        "E:\\code\\java\\pinwall\\pinwall-server\\node_modules\\egg-watcher\\config\\locales",
        "E:\\code\\java\\pinwall\\pinwall-server\\node_modules\\egg-schedule\\config\\locales",
        "E:\\code\\java\\pinwall\\pinwall-server\\node_modules\\egg-multipart\\config\\locales",
        "E:\\code\\java\\pinwall\\pinwall-server\\node_modules\\egg-development\\config\\locales",
        "E:\\code\\java\\pinwall\\pinwall-server\\node_modules\\egg-logrotator\\config\\locales",
        "E:\\code\\java\\pinwall\\pinwall-server\\node_modules\\egg-static\\config\\locales",
        "E:\\code\\java\\pinwall\\pinwall-server\\node_modules\\egg-view\\config\\locales",
        "E:\\code\\java\\pinwall\\pinwall-server\\node_modules\\egg-sequelize\\config\\locales",
        "E:\\code\\java\\pinwall\\pinwall-server\\node_modules\\egg-validate\\config\\locales",
        "E:\\code\\java\\pinwall\\pinwall-server\\node_modules\\egg-cors\\config\\locales",
        "E:\\code\\java\\pinwall\\pinwall-server\\node_modules\\egg-passport\\config\\locales",
        "E:\\code\\java\\pinwall\\pinwall-server\\node_modules\\egg-passport-local\\config\\locales",
        "E:\\code\\java\\pinwall\\pinwall-server\\node_modules\\egg-elasticsearch\\config\\locales",
        "E:\\code\\java\\pinwall\\pinwall-server\\node_modules\\egg-view-nunjucks\\config\\locales",
        "E:\\code\\java\\pinwall\\pinwall-server\\node_modules\\egg\\config\\locales",
        "E:\\code\\java\\pinwall\\pinwall-server\\config\\locales"
      ],
      "queryField": "locale",
      "cookieField": "locale",
      "cookieMaxAge": "1y",
      "functionName": "__"
    },
    "watcher": {
      "type": "development",
      "eventSources": {
        "default": "E:\\code\\java\\pinwall\\pinwall-server\\node_modules\\egg-watcher\\lib\\event-sources\\default",
        "development": "E:\\code\\java\\pinwall\\pinwall-server\\node_modules\\egg-watcher\\lib\\event-sources\\development"
      }
    },
    "customLogger": {
      "scheduleLogger": {
        "consoleLevel": "NONE",
        "file": "E:\\code\\java\\pinwall\\pinwall-server\\logs\\pinwall-server\\egg-schedule.log"
      },
      "elasticLogger": {
        "file": "E:\\code\\java\\pinwall\\pinwall-server\\logs\\transfer.log"
      },
      "aliossLogger": {
        "file": "E:\\code\\java\\pinwall\\pinwall-server\\logs\\alioss.log"
      }
    },
    "multipart": {
      "mode": "stream",
      "autoFields": false,
      "defaultCharset": "utf8",
      "fieldNameSize": 100,
      "fieldSize": 102400,
      "fields": 10,
      "fileSize": 10485760,
      "files": 10,
      "fileExtensions": [],
      "whitelist": null,
      "tmpdir": "C:\\Users\\liling\\AppData\\Local\\Temp\\egg-multipart-tmp\\pinwall-server",
      "cleanSchedule": {
        "cron": "0 30 4 * * *"
      }
    },
    "development": {
      "watchDirs": [],
      "ignoreDirs": [],
      "fastReady": false,
      "reloadOnDebug": true,
      "overrideDefault": false
    },
    "logrotator": {
      "filesRotateByHour": null,
      "hourDelimiter": "-",
      "filesRotateBySize": [
        "E:\\code\\java\\pinwall\\pinwall-server\\logs\\pinwall-server\\-web.log",
        "E:\\code\\java\\pinwall\\pinwall-server\\logs\\pinwall-server\\egg-web.log"
      ],
      "maxFileSize": 322122547.2,
      "maxFiles": 10,
      "rotateDuration": 60000,
      "maxDays": 31
    },
    "static": {
      "prefix": "/public/",
      "dir": "E:\\code\\java\\pinwall\\pinwall-server\\app\\public",
      "dynamic": true,
      "preload": false,
      "buffer": false,
      "maxFiles": 1000,
      "files": "<LRU>"
    },
    "view": {
      "root": [
        "E:\\code\\java\\pinwall\\pinwall-server\\app\\view"
      ],
      "cache": false,
      "defaultExtension": ".html",
      "defaultViewEngine": "nunjucks",
      "mapping": {}
    },
    "sequelize": {
      "dialect": "mysql",
      "database": "pinwall",
      "host": "192.168.3.101",
      "port": 3306,
      "username": "root",
      "password": "<String len: 4>",
      "logging": true,
      "timezone": "+08:00",
      "define": {
        "freezeTableName": true,
        "charset": "utf8",
        "dialectOptions": {
          "collate": "utf8_general_ci"
        },
        "timestamps": false
      },
      "pool": {
        "max": 5,
        "min": 1,
        "acquire": 30000,
        "idle": 10000
      }
    },
    "validate": {},
    "cors": {
      "origin": "*",
      "allowMethods": "GET,HEAD,PUT,POST,DELETE,PATCH"
    },
    "passportLocal": {
      "passReqToCallback": true
    },
    "elasticsearch": {
      "default": {},
      "app": true,
      "agent": false,
      "apiVersion": 2.4,
      "client": {
        "host": [
          {
            "host": "192.168.3.101",
            "auth": "pinwall:pinwall@1221",
            "protocol": "http",
            "port": 9200
          }
        ]
      }
    },
    "nunjucks": {
      "autoescape": true,
      "throwOnUndefined": false,
      "trimBlocks": false,
      "lstripBlocks": false,
      "cache": false
    },
    "env": "local",
    "name": "pinwall-server",
    "keys": "<String len: 33>",
    "proxy": false,
    "protocolHeaders": "x-forwarded-proto",
    "ipHeaders": "x-forwarded-for",
    "hostHeaders": "",
    "pkg": {
      "name": "pinwall-server",
      "version": "1.0.0",
      "description": "",
      "private": true,
      "dependencies": {
        "@alicloud/pop-core": "^1.7.7",
        "adm-zip": "^0.4.16",
        "ali-oss": "^6.0.1",
        "canvas": "^2.6.1",
        "circular-json": "^0.5.9",
        "egg": "^2.2.1",
        "egg-alinode": "^2.0.1",
        "egg-cors": "^2.1.1",
        "egg-elasticsearch": "^1.0.0",
        "egg-mysql": "^3.0.0",
        "egg-passport": "^2.0.1",
        "egg-passport-local": "^1.2.1",
        "egg-passport-weixin": "0.0.5",
        "egg-scripts": "^2.5.0",
        "egg-sequelize": "^4.2.0",
        "egg-validate": "^2.0.2",
        "egg-view-nunjucks": "^2.2.0",
        "exceljs": "^1.6.3",
        "mysql2": "^1.6.4",
        "nodemailer": "^4.7.0",
        "nodemailer-smtp-transport": "^2.7.4",
        "passport-local": "^1.0.0",
        "qr-image": "^3.2.0",
        "request": "^2.88.0",
        "request-promise": "^4.2.3",
        "svg-captcha": "^1.3.12",
        "uuid": "^3.3.2"
      },
      "devDependencies": {
        "autod": "^3.0.1",
        "autod-egg": "^1.0.0",
        "egg-bin": "^4.3.5",
        "egg-ci": "^1.8.0",
        "egg-mock": "^3.14.0",
        "eslint": "^4.11.0",
        "eslint-config-egg": "^6.0.0",
        "sequelize-cli": "^5.3.0",
        "webstorm-disable-index": "^1.2.0"
      },
      "engines": {
        "node": ">=8.9.0"
      },
      "scripts": {
        "start": "egg-scripts start --daemon --title=egg-server-pinwall-server",
        "stop": "egg-scripts stop --title=egg-server-pinwall-server",
        "dev": "egg-bin dev",
        "debug": "egg-bin debug",
        "test": "npm run lint -- --fix && npm run test-local",
        "test-local": "egg-bin test",
        "cov": "egg-bin cov",
        "lint": "eslint .",
        "ci": "npm run lint && npm run cov",
        "autod": "autod"
      },
      "ci": {
        "version": "8"
      },
      "repository": {
        "type": "git",
        "url": ""
      },
      "author": "",
      "license": "MIT"
    },
    "baseDir": "E:\\code\\java\\pinwall\\pinwall-server",
    "HOME": "C:\\Users\\liling",
    "rundir": "E:\\code\\java\\pinwall\\pinwall-server\\run",
    "dump": {
      "ignore": "<Set>"
    },
    "confusedConfigurations": {
      "bodyparser": "bodyParser",
      "notFound": "notfound",
      "sitefile": "siteFile",
      "middlewares": "middleware",
      "httpClient": "httpclient"
    },
    "notfound": {
      "pageUrl": "/404.html"
    },
    "siteFile": {
      "/favicon.ico": "<Buffer len: 6463>"
    },
    "bodyParser": {
      "enable": true,
      "encoding": "utf8",
      "formLimit": "100kb",
      "jsonLimit": "100kb",
      "strict": true,
      "queryString": {
        "arrayLimit": 100,
        "depth": 5,
        "parameterLimit": 1000
      },
      "returnRawBody": true
    },
    "logger": {
      "dir": "D:logs",
      "encoding": "utf8",
      "env": "local",
      "level": "INFO",
      "consoleLevel": "INFO",
      "disableConsoleAfterReady": false,
      "outputJSON": false,
      "buffer": true,
      "appLogName": "pinwall-server-web.log",
      "coreLogName": "egg-web.log",
      "agentLogName": "egg-agent.log",
      "errorLogName": "common-error.log",
      "coreLogger": {
        "consoleLevel": "WARN"
      },
      "allowDebugAtProd": false,
      "type": "application"
    },
    "httpclient": {
      "enableDNSCache": false,
      "dnsCacheLookupInterval": 10000,
      "dnsCacheMaxLength": 1000,
      "request": {
        "timeout": 5000
      },
      "httpAgent": {
        "keepAlive": true,
        "freeSocketTimeout": 4000,
        "maxSockets": 9007199254740991,
        "maxFreeSockets": 256
      },
      "httpsAgent": {
        "keepAlive": true,
        "freeSocketTimeout": 4000,
        "maxSockets": 9007199254740991,
        "maxFreeSockets": 256
      }
    },
    "meta": {
      "enable": true,
      "logging": false
    },
    "coreMiddleware": [
      "cors",
      "meta",
      "siteFile",
      "notfound",
      "static",
      "bodyParser",
      "overrideMethod",
      "session",
      "securities",
      "i18n",
      "eggLoaderTrace",
      "passportInitialize",
      "passportSession"
    ],
    "workerStartTimeout": 600000,
    "serverTimeout": null,
    "cluster": {
      "listen": {
        "path": "",
        "port": 7001,
        "hostname": ""
      }
    },
    "clusterClient": {
      "maxWaitTime": 60000,
      "responseTimeout": 60000
    },
    "onClientError": null,
    "middleware": [],
    "assets": {
      "publicPath": "/public/"
    },
    "passportWeiXin": {
      "clientID": "",
      "secret": "<String len: 0>",
      "callbackURL": "/auth/weixin/callback",
      "scope": "snsapi_userinfo"
    },
    "coreMiddlewares": "~config~coreMiddleware",
    "appMiddlewares": "~config~middleware",
    "appMiddleware": "~config~middleware",
    "multipartParseOptions": {
      "autoFields": false,
      "defCharset": "utf8",
      "limits": {
        "fieldNameSize": 100,
        "fieldSize": 102400,
        "fields": 10,
        "fileSize": 10485760,
        "files": 10
      },
      "checkFile": "<Function checkFile>"
    }
  },
  "plugins": {
    "session": {
      "enable": true,
      "package": "egg-session",
      "name": "session",
      "dependencies": [],
      "optionalDependencies": [],
      "env": [],
      "from": "E:\\code\\java\\pinwall\\pinwall-server\\node_modules\\egg\\config\\plugin.js",
      "path": "E:\\code\\java\\pinwall\\pinwall-server\\node_modules\\egg-session",
      "version": "3.1.0"
    },
    "security": {
      "enable": true,
      "package": "egg-security",
      "name": "security",
      "dependencies": [],
      "optionalDependencies": [
        "session"
      ],
      "env": [],
      "from": "E:\\code\\java\\pinwall\\pinwall-server\\node_modules\\egg\\config\\plugin.js",
      "path": "E:\\code\\java\\pinwall\\pinwall-server\\node_modules\\egg-security",
      "version": "2.4.1"
    },
    "jsonp": {
      "enable": true,
      "package": "egg-jsonp",
      "name": "jsonp",
      "dependencies": [],
      "optionalDependencies": [
        "security"
      ],
      "env": [],
      "from": "E:\\code\\java\\pinwall\\pinwall-server\\node_modules\\egg\\config\\plugin.js",
      "path": "E:\\code\\java\\pinwall\\pinwall-server\\node_modules\\egg-jsonp",
      "version": "2.0.0"
    },
    "onerror": {
      "enable": true,
      "package": "egg-onerror",
      "name": "onerror",
      "dependencies": [],
      "optionalDependencies": [
        "jsonp"
      ],
      "env": [],
      "from": "E:\\code\\java\\pinwall\\pinwall-server\\node_modules\\egg\\config\\plugin.js",
      "path": "E:\\code\\java\\pinwall\\pinwall-server\\node_modules\\egg-onerror",
      "version": "2.1.0"
    },
    "i18n": {
      "enable": true,
      "package": "egg-i18n",
      "name": "i18n",
      "dependencies": [],
      "optionalDependencies": [],
      "env": [],
      "from": "E:\\code\\java\\pinwall\\pinwall-server\\node_modules\\egg\\config\\plugin.js",
      "path": "E:\\code\\java\\pinwall\\pinwall-server\\node_modules\\egg-i18n",
      "version": "2.0.0"
    },
    "watcher": {
      "enable": true,
      "package": "egg-watcher",
      "name": "watcher",
      "dependencies": [],
      "optionalDependencies": [],
      "env": [],
      "from": "E:\\code\\java\\pinwall\\pinwall-server\\node_modules\\egg\\config\\plugin.js",
      "path": "E:\\code\\java\\pinwall\\pinwall-server\\node_modules\\egg-watcher",
      "version": "3.1.0"
    },
    "schedule": {
      "enable": true,
      "package": "egg-schedule",
      "name": "schedule",
      "dependencies": [],
      "optionalDependencies": [],
      "env": [],
      "from": "E:\\code\\java\\pinwall\\pinwall-server\\node_modules\\egg\\config\\plugin.js",
      "path": "E:\\code\\java\\pinwall\\pinwall-server\\node_modules\\egg-schedule",
      "version": "3.4.0"
    },
    "multipart": {
      "enable": true,
      "package": "egg-multipart",
      "name": "multipart",
      "dependencies": [],
      "optionalDependencies": [
        "schedule"
      ],
      "env": [],
      "from": "E:\\code\\java\\pinwall\\pinwall-server\\node_modules\\egg\\config\\plugin.js",
      "path": "E:\\code\\java\\pinwall\\pinwall-server\\node_modules\\egg-multipart",
      "version": "2.3.0"
    },
    "development": {
      "enable": true,
      "package": "egg-development",
      "name": "development",
      "dependencies": [
        "watcher"
      ],
      "optionalDependencies": [],
      "env": [
        "local"
      ],
      "from": "E:\\code\\java\\pinwall\\pinwall-server\\node_modules\\egg\\config\\plugin.js",
      "path": "E:\\code\\java\\pinwall\\pinwall-server\\node_modules\\egg-development",
      "version": "2.4.1"
    },
    "logrotator": {
      "enable": true,
      "package": "egg-logrotator",
      "name": "logrotator",
      "dependencies": [
        "schedule"
      ],
      "optionalDependencies": [],
      "env": [],
      "from": "E:\\code\\java\\pinwall\\pinwall-server\\node_modules\\egg\\config\\plugin.js",
      "path": "E:\\code\\java\\pinwall\\pinwall-server\\node_modules\\egg-logrotator",
      "version": "3.0.4"
    },
    "static": {
      "enable": true,
      "package": "egg-static",
      "name": "static",
      "dependencies": [],
      "optionalDependencies": [],
      "env": [],
      "from": "E:\\code\\java\\pinwall\\pinwall-server\\node_modules\\egg\\config\\plugin.js",
      "path": "E:\\code\\java\\pinwall\\pinwall-server\\node_modules\\egg-static",
      "version": "2.1.1"
    },
    "view": {
      "enable": true,
      "package": "egg-view",
      "name": "view",
      "dependencies": [],
      "optionalDependencies": [],
      "env": [],
      "from": "E:\\code\\java\\pinwall\\pinwall-server\\node_modules\\egg\\config\\plugin.js",
      "path": "E:\\code\\java\\pinwall\\pinwall-server\\node_modules\\egg-view",
      "version": "2.1.0"
    },
    "sequelize": {
      "enable": true,
      "package": "egg-sequelize",
      "name": "sequelize",
      "dependencies": [],
      "optionalDependencies": [],
      "env": [],
      "from": "E:\\code\\java\\pinwall\\pinwall-server\\config\\plugin.js",
      "path": "E:\\code\\java\\pinwall\\pinwall-server\\node_modules\\egg-sequelize",
      "version": "4.2.0"
    },
    "validate": {
      "enable": true,
      "package": "egg-validate",
      "name": "validate",
      "dependencies": [],
      "optionalDependencies": [],
      "env": [],
      "from": "E:\\code\\java\\pinwall\\pinwall-server\\config\\plugin.js",
      "path": "E:\\code\\java\\pinwall\\pinwall-server\\node_modules\\egg-validate",
      "version": "2.0.2"
    },
    "cors": {
      "enable": true,
      "package": "egg-cors",
      "name": "cors",
      "dependencies": [],
      "optionalDependencies": [],
      "env": [],
      "from": "E:\\code\\java\\pinwall\\pinwall-server\\config\\plugin.js",
      "path": "E:\\code\\java\\pinwall\\pinwall-server\\node_modules\\egg-cors",
      "version": "2.1.1"
    },
    "passport": {
      "enable": true,
      "package": "egg-passport",
      "name": "passport",
      "dependencies": [
        "session"
      ],
      "optionalDependencies": [],
      "env": [],
      "from": "E:\\code\\java\\pinwall\\pinwall-server\\config\\plugin.js",
      "path": "E:\\code\\java\\pinwall\\pinwall-server\\node_modules\\egg-passport",
      "version": "2.0.1"
    },
    "passportLocal": {
      "enable": true,
      "package": "egg-passport-local",
      "name": "passportLocal",
      "dependencies": [
        "passport"
      ],
      "optionalDependencies": [],
      "env": [],
      "from": "E:\\code\\java\\pinwall\\pinwall-server\\config\\plugin.js",
      "path": "E:\\code\\java\\pinwall\\pinwall-server\\node_modules\\egg-passport-local",
      "version": "1.2.1"
    },
    "elasticsearch": {
      "enable": true,
      "package": "egg-elasticsearch",
      "name": "elasticsearch",
      "dependencies": [],
      "optionalDependencies": [],
      "env": [],
      "from": "E:\\code\\java\\pinwall\\pinwall-server\\config\\plugin.js",
      "path": "E:\\code\\java\\pinwall\\pinwall-server\\node_modules\\egg-elasticsearch",
      "version": "1.0.0"
    },
    "nunjucks": {
      "enable": true,
      "package": "egg-view-nunjucks",
      "name": "nunjucks",
      "dependencies": [
        "security",
        "view"
      ],
      "optionalDependencies": [],
      "env": [],
      "from": "E:\\code\\java\\pinwall\\pinwall-server\\config\\plugin.js",
      "path": "E:\\code\\java\\pinwall\\pinwall-server\\node_modules\\egg-view-nunjucks",
      "version": "2.2.0"
    }
  }
}